-- phpMyAdmin SQL Dump
-- version 5.2.2
-- https://www.phpmyadmin.net/
--
-- Host: localhost
-- Generation Time: Nov 21, 2025 at 02:32 AM
-- Server version: 8.0.30
-- PHP Version: 8.1.10

SET SQL_MODE = "NO_AUTO_VALUE_ON_ZERO";
START TRANSACTION;
SET time_zone = "+00:00";


/*!40101 SET @OLD_CHARACTER_SET_CLIENT=@@CHARACTER_SET_CLIENT */;
/*!40101 SET @OLD_CHARACTER_SET_RESULTS=@@CHARACTER_SET_RESULTS */;
/*!40101 SET @OLD_COLLATION_CONNECTION=@@COLLATION_CONNECTION */;
/*!40101 SET NAMES utf8mb4 */;

--
-- Database: `arenago`
--

-- --------------------------------------------------------

--
-- Table structure for table `arena`
--

CREATE TABLE `arena` (
  `id_arena` int NOT NULL,
  `nama_arena` varchar(100) NOT NULL,
  `jenis_olahraga` varchar(50) NOT NULL,
  `lokasi` varchar(255) NOT NULL,
  `jam_buka` time NOT NULL,
  `jam_tutup` time NOT NULL,
  `status` enum('aktif','perbaikan') DEFAULT 'aktif',
  `id_foto_cover` int DEFAULT NULL,
  `url_foto` varchar(255) DEFAULT NULL,
  `id_foto` int DEFAULT NULL,
  `harga` decimal(10,2) NOT NULL DEFAULT '0.00'
) ENGINE=InnoDB DEFAULT CHARSET=utf8mb4 COLLATE=utf8mb4_0900_ai_ci;

--
-- Dumping data for table `arena`
--

INSERT INTO `arena` (`id_arena`, `nama_arena`, `jenis_olahraga`, `lokasi`, `jam_buka`, `jam_tutup`, `status`, `id_foto_cover`, `url_foto`, `id_foto`, `harga`) VALUES
(3, 'FFF', 'Futsal', 'XVWF+W97, Sarpaan, Kacongan, Kec. Kota Sumenep, Kabupaten Sumenep, Jawa Timur 69417', '07:00:00', '22:10:00', 'aktif', 11, '', NULL, 25000.00),
(4, 'AYAM KERING', 'Badminton', ' Jl. Kiyai H. Mansyur No.168, Podak, Pabian, Kec. Kota Sumenep, Kabupaten Sumenep, Jawa Timur 69417', '07:00:00', '22:40:00', 'aktif', 12, NULL, NULL, 20000.00),
(5, 'SANGKA', 'Basket', 'XVJF+VPG, Mastasek, Pabian, Kec. Kota Sumenep, Kabupaten Sumenep, Jawa Timur 69417', '08:00:00', '22:10:00', 'aktif', 13, NULL, NULL, 25000.00),
(6, 'TORI', 'Tenis', ' XVP7+J9R, Gudang, Kolor, Kec. Kota Sumenep, Kabupaten Sumenep, Jawa Timur 69417', '07:00:00', '22:10:00', 'aktif', 14, NULL, NULL, 20000.00),
(7, 'GARUDA', 'Volly', '2V3G+G5Q, Buddagan, Bangkal, Kec. Kota Sumenep, Kabupaten Sumenep, Jawa Timur 69417', '08:00:00', '22:30:00', 'aktif', 16, NULL, NULL, 20000.00),
(9, 'GUAS', 'Bisbol', 'Jl. KH. Wahid Hasyim, Bangselok, Kec. Kota Sumenep, Kabupaten Sumenep, Jawa Timur 69417', '07:00:00', '22:00:00', 'aktif', 19, NULL, NULL, 20000.00);

-- --------------------------------------------------------

--
-- Table structure for table `foto_arena`
--

CREATE TABLE `foto_arena` (
  `id_foto` int NOT NULL,
  `id_arena` int NOT NULL,
  `url_foto` varchar(255) NOT NULL,
  `deskripsi` text CHARACTER SET utf8mb4 COLLATE utf8mb4_0900_ai_ci
) ENGINE=InnoDB DEFAULT CHARSET=utf8mb4 COLLATE=utf8mb4_0900_ai_ci;

--
-- Dumping data for table `foto_arena`
--

INSERT INTO `foto_arena` (`id_foto`, `id_arena`, `url_foto`, `deskripsi`) VALUES
(11, 3, '/uploads/arena/arena-1763043874392-122436503.jpg', 'Arena Futsal ini memiliki lapangan sintetis berkualitas tinggi dengan penerangan maksimal dari lampu LED di setiap sisi. Dikelilingi oleh pagar jaring yang tinggi untuk keamanan permainan, arena ini cocok untuk pertandingan malam hari maupun latihan rutin. Area sekelilingnya bersih, nyaman, dan mudah diakses kendaraan pribadi maupun umum. Cocok untuk pelajar, komunitas futsal, hingga event turnamen antar tim lokal.  Fasilitas: - Lapangan rumput sintetis premium - Penerangan LED di seluruh sisi lapangan - Area parkir luas - Ruang ganti dan kamar mandi bersih - Area tunggu dan tribun kecil - Kantin dan area istirahat - Penyewaan perlengkapan futsal - Akses Wi-Fi gratis - Booking online tersedia'),
(12, 4, '/uploads/arena/arena-1763043986821-913572558.jpg', 'Arena Badminton Indoor ini dirancang dengan standar profesional untuk memberikan pengalaman bermain terbaik. Lantai terbuat dari bahan vinyl berkualitas tinggi dengan sistem peredam getar yang nyaman dan aman untuk pemain. Setiap lapangan dilengkapi dengan pencahayaan LED terang yang merata, cocok untuk latihan, pertandingan, maupun turnamen. Sirkulasi udara baik dengan ventilasi dan kipas di beberapa titik sehingga ruangan tetap sejuk meskipun bermain lama.  Fasilitas: - 4 lapangan badminton indoor berstandar turnamen - Lantai vinyl premium anti-selip - Penerangan LED terang dan merata - Area parkir luas - Ruang ganti dan kamar mandi bersih - Area tunggu dan kantin mini - Penyewaan raket dan shuttlecock - Dispenser air minum gratis - Tersedia sistem booking online - Cocok untuk latihan, sparing, dan event komunitas'),
(13, 5, '/uploads/arena/arena-1763044063495-25859468.jpg', 'Arena Basket Outdoor ini dibangun dengan standar lapangan kompetisi semi-pro, menggunakan permukaan aspal halus berlapis cat akrilik anti-selip yang nyaman untuk permainan cepat dan aman dari cedera. Area dikelilingi pagar pelindung tinggi agar bola tidak keluar area permainan. Cocok digunakan untuk latihan harian, pertandingan komunitas, maupun turnamen lokal. Lapangan memiliki dua ring basket besi solid dengan papan akrilik tebal serta garis lapangan sesuai standar resmi.  Fasilitas: - 1 lapangan basket outdoor berstandar semi-pro - Permukaan aspal berlapis akrilik anti-selip - Dua ring basket besi dengan papan akrilik - Area bermain berpagar pengaman - Penerangan malam hari dengan lampu LED - Area parkir luas di sekitar lapangan - Tempat duduk penonton dan area tunggu - Kamar mandi dan ruang ganti sederhana - Tersedia penyewaan bola basket - Cocok untuk latihan, turnamen, dan kegiatan komunitas'),
(14, 6, '/uploads/arena/arena-1763044124996-145341014.jpg', 'Arena Tenis Indoor ini dirancang untuk memberikan pengalaman bermain yang nyaman dan profesional, terlepas dari kondisi cuaca di luar ruangan. Lapangan menggunakan lantai vinyl sport berkualitas tinggi dengan daya pantul bola yang konsisten, serta pencahayaan LED merata untuk visibilitas optimal. Cocok untuk latihan rutin, kompetisi, maupun rekreasi.  Fasilitas: - 1 lapangan tenis indoor berstandar nasional - Permukaan lantai vinyl sport anti-slip - Sistem pencahayaan LED terang dan merata - Pendingin ruangan (AC) untuk kenyamanan bermain - Jaring dan tiang net standar internasional - Ruang ganti dan kamar mandi bersih - Area tunggu dan kursi penonton - Loker penyimpanan barang - Area parkir kendaraan - Tersedia penyewaan raket dan bola tenis'),
(16, 7, '/uploads/arena/arena-1763650007677-706715739.jpg', 'Arena Voli Indoor ini dibangun dengan standar lapangan latihan dan pertandingan tingkat sekolah & komunitas, menggunakan lantai kayu olahraga halus berlapis finish anti-selip yang nyaman untuk permainan cepat dan aman dari cedera. Net voli dipasang pada tiang besi kokoh dengan sistem pengencang yang stabil, serta dilengkapi antenna sesuai standar permainan. Area ruangan luas dengan pencahayaan LED terang dan panel akustik untuk mengurangi gema, membuat permainan lebih nyaman. Lapangan juga memiliki garis permainan lengkap, termasuk garis basket untuk penggunaan multi-olahraga. Cocok digunakan untuk latihan harian, pertandingan komunitas, kelas olahraga, maupun event sekolah. Fasilitas tambahan seperti ring basket dinding, area penyimpanan peralatan, dan meja ofisial membuat arena ini fungsional dan fleksibel.  Fasilitas:  1 lapangan voli indoor standar sekolah & komunitas  Lantai kayu olahraga berlapis anti-selip  Net voli dengan tiang besi dan sistem tension  Dilengkapi antenna standar pertandingan  Garis lapangan lengkap termasuk garis basket  Ring basket dinding sebagai olahraga tambahan  Pencahayaan LED terang dan merata  Panel akustik pada dinding untuk mengurangi gema  Area penyimpanan peralatan olahraga  Meja dan kursi untuk pelatih atau ofisial  Cocok untuk latihan, pertandingan komunitas, dan kegiatan sekolah'),
(19, 9, '/uploads/arena/arena-1763651304699-685754792.jpg', 'Lapangan Softball Outdoor ini dibangun dengan standar kompetisi untuk menghadirkan pengalaman bertanding terbaik bagi atlet maupun tim pelajar. Permukaan infield menggunakan tanah khusus yang telah dipadatkan dan diratakan dengan presisi, sehingga aman, stabil, dan nyaman untuk berlari maupun melakukan sliding. Bagian outfield ditanami rumput hijau terawat yang memberikan pantulan bola yang konsisten.  Area home plate hingga ke setiap base diberi garis putih yang sangat jelas dan rapi, menambah visibilitas saat pertandingan. Lapangan ini juga dilengkapi jaring pelindung tinggi di area penonton untuk menjaga keamanan para supporter.  Pencahayaan lapangan menggunakan lampu stadion berteknologi tinggi yang dipasang di beberapa tiang besar, memastikan pertandingan tetap dapat berjalan dengan baik pada sore atau malam hari. Di sekeliling lapangan tersedia tribun yang luas, ideal untuk menampung penonton pada event besar atau turnamen.  Fasilitas:  Lapangan softball berstandar kompetisi  Infield tanah khusus yang rata, empuk, dan aman  Outfield rumput hijau terawat  Garis lapangan yang presisi dan jelas  Pencahayaan stadion yang kuat dan merata  Tribun penonton yang luas dan nyaman  Pagar pembatas dan jaring pelindung untuk keamanan  Area sekitar lapangan bersih dan tertata  Cocok untuk latihan tim, laga persahabatan, hingga turnamen resmi');

-- --------------------------------------------------------

--
-- Table structure for table `jadwal`
--

CREATE TABLE `jadwal` (
  `id_jadwal` int NOT NULL,
  `id_arena` int NOT NULL,
  `tanggal` date NOT NULL,
  `jam_mulai` time NOT NULL,
  `jam_selesai` time NOT NULL,
  `status_slot` enum('kosong','tersedia','menunggu','terisi','dibooking','selesai','batal','maintenance') DEFAULT 'kosong'
) ENGINE=InnoDB DEFAULT CHARSET=utf8mb4 COLLATE=utf8mb4_0900_ai_ci;

--
-- Dumping data for table `jadwal`
--

INSERT INTO `jadwal` (`id_jadwal`, `id_arena`, `tanggal`, `jam_mulai`, `jam_selesai`, `status_slot`) VALUES
(13, 5, '2025-11-03', '11:00:00', '12:00:00', 'kosong'),
(14, 5, '2025-11-03', '12:00:00', '13:00:00', 'kosong'),
(15, 5, '2025-11-03', '13:00:00', '14:00:00', 'kosong'),
(16, 5, '2025-11-03', '14:00:00', '15:00:00', 'kosong'),
(17, 5, '2025-11-03', '15:00:00', '16:00:00', 'kosong'),
(18, 5, '2025-11-03', '16:00:00', '17:00:00', 'kosong'),
(19, 5, '2025-11-03', '17:00:00', '18:00:00', 'kosong'),
(20, 5, '2025-11-03', '18:00:00', '19:00:00', 'kosong'),
(21, 5, '2025-11-03', '19:00:00', '20:00:00', 'kosong'),
(22, 5, '2025-11-03', '20:00:00', '21:00:00', 'kosong'),
(23, 5, '2025-11-03', '21:00:00', '22:00:00', 'kosong'),
(24, 5, '2025-11-04', '07:00:00', '08:00:00', 'kosong'),
(25, 5, '2025-11-04', '08:00:00', '09:00:00', 'kosong'),
(26, 5, '2025-11-04', '09:00:00', '10:00:00', 'kosong'),
(27, 5, '2025-11-04', '10:00:00', '11:00:00', 'kosong'),
(28, 5, '2025-11-04', '11:00:00', '12:00:00', 'kosong'),
(29, 5, '2025-11-04', '12:00:00', '13:00:00', 'kosong'),
(30, 5, '2025-11-04', '13:00:00', '14:00:00', 'kosong'),
(31, 5, '2025-11-04', '14:00:00', '15:00:00', 'kosong'),
(32, 5, '2025-11-04', '15:00:00', '16:00:00', 'kosong'),
(33, 5, '2025-11-04', '16:00:00', '17:00:00', 'kosong'),
(34, 5, '2025-11-04', '17:00:00', '18:00:00', 'kosong'),
(35, 5, '2025-11-04', '18:00:00', '19:00:00', 'kosong'),
(36, 5, '2025-11-04', '19:00:00', '20:00:00', 'kosong'),
(37, 5, '2025-11-04', '20:00:00', '21:00:00', 'kosong'),
(38, 5, '2025-11-04', '21:00:00', '22:00:00', 'kosong'),
(39, 5, '2025-11-05', '07:00:00', '08:00:00', 'kosong'),
(40, 5, '2025-11-05', '08:00:00', '09:00:00', 'kosong'),
(41, 5, '2025-11-05', '09:00:00', '10:00:00', 'kosong'),
(42, 5, '2025-11-05', '10:00:00', '11:00:00', 'kosong'),
(43, 5, '2025-11-05', '11:00:00', '12:00:00', 'kosong'),
(44, 5, '2025-11-05', '12:00:00', '13:00:00', 'kosong'),
(45, 5, '2025-11-05', '13:00:00', '14:00:00', 'kosong'),
(46, 5, '2025-11-05', '14:00:00', '15:00:00', 'kosong'),
(47, 5, '2025-11-05', '15:00:00', '16:00:00', 'kosong'),
(48, 5, '2025-11-05', '16:00:00', '17:00:00', 'kosong'),
(49, 5, '2025-11-05', '17:00:00', '18:00:00', 'kosong'),
(50, 5, '2025-11-05', '18:00:00', '19:00:00', 'kosong'),
(51, 5, '2025-11-05', '19:00:00', '20:00:00', 'kosong'),
(52, 5, '2025-11-05', '20:00:00', '21:00:00', 'kosong'),
(53, 5, '2025-11-05', '21:00:00', '22:00:00', 'kosong'),
(54, 5, '2025-11-06', '07:00:00', '08:00:00', 'terisi'),
(55, 5, '2025-11-06', '08:00:00', '09:00:00', 'kosong'),
(56, 5, '2025-11-06', '09:00:00', '10:00:00', 'kosong'),
(57, 5, '2025-11-06', '10:00:00', '11:00:00', 'kosong'),
(58, 5, '2025-11-06', '11:00:00', '12:00:00', 'kosong'),
(59, 5, '2025-11-06', '12:00:00', '13:00:00', 'kosong'),
(60, 5, '2025-11-06', '13:00:00', '14:00:00', 'kosong'),
(61, 5, '2025-11-06', '14:00:00', '15:00:00', 'kosong'),
(62, 5, '2025-11-06', '15:00:00', '16:00:00', 'kosong'),
(63, 5, '2025-11-06', '16:00:00', '17:00:00', 'kosong'),
(64, 5, '2025-11-06', '17:00:00', '18:00:00', 'kosong'),
(65, 5, '2025-11-06', '18:00:00', '19:00:00', 'kosong'),
(66, 5, '2025-11-06', '19:00:00', '20:00:00', 'kosong'),
(67, 5, '2025-11-06', '20:00:00', '21:00:00', 'kosong'),
(68, 5, '2025-11-06', '21:00:00', '22:00:00', 'kosong'),
(69, 5, '2025-11-07', '07:00:00', '08:00:00', 'terisi'),
(70, 5, '2025-11-07', '08:00:00', '09:00:00', 'kosong'),
(71, 5, '2025-11-07', '09:00:00', '10:00:00', 'kosong'),
(72, 5, '2025-11-07', '10:00:00', '11:00:00', 'kosong'),
(73, 5, '2025-11-07', '11:00:00', '12:00:00', 'kosong'),
(74, 5, '2025-11-07', '12:00:00', '13:00:00', 'kosong'),
(75, 5, '2025-11-07', '13:00:00', '14:00:00', 'kosong'),
(76, 5, '2025-11-07', '14:00:00', '15:00:00', 'kosong'),
(77, 5, '2025-11-07', '15:00:00', '16:00:00', 'kosong'),
(78, 5, '2025-11-07', '16:00:00', '17:00:00', 'kosong'),
(79, 5, '2025-11-07', '17:00:00', '18:00:00', 'kosong'),
(80, 5, '2025-11-07', '18:00:00', '19:00:00', 'kosong'),
(81, 5, '2025-11-07', '19:00:00', '20:00:00', 'kosong'),
(82, 5, '2025-11-07', '20:00:00', '21:00:00', 'kosong'),
(83, 5, '2025-11-07', '21:00:00', '22:00:00', 'kosong'),
(84, 5, '2025-11-08', '07:00:00', '08:00:00', 'kosong'),
(85, 5, '2025-11-08', '08:00:00', '09:00:00', 'kosong'),
(86, 5, '2025-11-08', '09:00:00', '10:00:00', 'kosong'),
(87, 5, '2025-11-08', '10:00:00', '11:00:00', 'kosong'),
(88, 5, '2025-11-08', '11:00:00', '12:00:00', 'kosong'),
(89, 5, '2025-11-08', '12:00:00', '13:00:00', 'kosong'),
(90, 5, '2025-11-08', '13:00:00', '14:00:00', 'kosong'),
(91, 5, '2025-11-08', '14:00:00', '15:00:00', 'kosong'),
(92, 5, '2025-11-08', '15:00:00', '16:00:00', 'kosong'),
(93, 5, '2025-11-08', '16:00:00', '17:00:00', 'kosong'),
(94, 5, '2025-11-08', '17:00:00', '18:00:00', 'kosong'),
(95, 5, '2025-11-08', '18:00:00', '19:00:00', 'kosong'),
(96, 5, '2025-11-08', '19:00:00', '20:00:00', 'kosong'),
(97, 5, '2025-11-08', '20:00:00', '21:00:00', 'kosong'),
(98, 5, '2025-11-08', '21:00:00', '22:00:00', 'kosong'),
(99, 5, '2025-11-09', '07:00:00', '08:00:00', 'kosong'),
(100, 5, '2025-11-09', '08:00:00', '09:00:00', 'kosong'),
(101, 5, '2025-11-09', '09:00:00', '10:00:00', 'kosong'),
(102, 5, '2025-11-09', '10:00:00', '11:00:00', 'kosong'),
(103, 5, '2025-11-09', '11:00:00', '12:00:00', 'kosong'),
(104, 5, '2025-11-09', '12:00:00', '13:00:00', 'kosong'),
(105, 5, '2025-11-09', '13:00:00', '14:00:00', 'kosong'),
(106, 5, '2025-11-09', '14:00:00', '15:00:00', 'kosong'),
(107, 5, '2025-11-09', '15:00:00', '16:00:00', 'kosong'),
(108, 5, '2025-11-09', '16:00:00', '17:00:00', 'kosong'),
(109, 5, '2025-11-09', '17:00:00', '18:00:00', 'kosong'),
(110, 5, '2025-11-09', '18:00:00', '19:00:00', 'kosong'),
(111, 5, '2025-11-09', '19:00:00', '20:00:00', 'kosong'),
(112, 5, '2025-11-09', '20:00:00', '21:00:00', 'kosong'),
(113, 5, '2025-11-09', '21:00:00', '22:00:00', 'kosong'),
(114, 5, '2025-11-10', '07:00:00', '08:00:00', 'kosong'),
(115, 5, '2025-11-10', '08:00:00', '09:00:00', 'kosong'),
(116, 5, '2025-11-10', '09:00:00', '10:00:00', 'kosong'),
(117, 5, '2025-11-10', '10:00:00', '11:00:00', 'kosong'),
(118, 5, '2025-11-10', '11:00:00', '12:00:00', 'kosong'),
(119, 5, '2025-11-10', '12:00:00', '13:00:00', 'kosong'),
(120, 5, '2025-11-10', '13:00:00', '14:00:00', 'kosong'),
(121, 5, '2025-11-10', '14:00:00', '15:00:00', 'kosong'),
(122, 5, '2025-11-10', '15:00:00', '16:00:00', 'kosong'),
(123, 5, '2025-11-10', '16:00:00', '17:00:00', 'kosong'),
(124, 5, '2025-11-10', '17:00:00', '18:00:00', 'kosong'),
(125, 5, '2025-11-10', '18:00:00', '19:00:00', 'kosong'),
(126, 5, '2025-11-10', '19:00:00', '20:00:00', 'kosong'),
(127, 5, '2025-11-10', '20:00:00', '21:00:00', 'kosong'),
(128, 5, '2025-11-10', '21:00:00', '22:00:00', 'kosong'),
(129, 5, '2025-11-11', '07:00:00', '08:00:00', 'kosong'),
(130, 5, '2025-11-11', '08:00:00', '09:00:00', 'kosong'),
(131, 5, '2025-11-11', '09:00:00', '10:00:00', 'kosong'),
(132, 5, '2025-11-11', '10:00:00', '11:00:00', 'kosong'),
(133, 5, '2025-11-11', '11:00:00', '12:00:00', 'kosong'),
(134, 5, '2025-11-11', '12:00:00', '13:00:00', 'kosong'),
(135, 5, '2025-11-11', '13:00:00', '14:00:00', 'kosong'),
(136, 5, '2025-11-11', '14:00:00', '15:00:00', 'kosong'),
(137, 5, '2025-11-11', '15:00:00', '16:00:00', 'kosong'),
(138, 5, '2025-11-11', '16:00:00', '17:00:00', 'kosong'),
(139, 5, '2025-11-11', '17:00:00', '18:00:00', 'kosong'),
(140, 5, '2025-11-11', '18:00:00', '19:00:00', 'kosong'),
(141, 5, '2025-11-11', '19:00:00', '20:00:00', 'kosong'),
(142, 5, '2025-11-11', '20:00:00', '21:00:00', 'kosong'),
(143, 5, '2025-11-11', '21:00:00', '22:00:00', 'kosong'),
(144, 5, '2025-11-12', '07:00:00', '08:00:00', 'kosong'),
(145, 5, '2025-11-12', '08:00:00', '09:00:00', 'kosong'),
(146, 5, '2025-11-12', '09:00:00', '10:00:00', 'kosong'),
(147, 5, '2025-11-12', '10:00:00', '11:00:00', 'kosong'),
(148, 5, '2025-11-12', '11:00:00', '12:00:00', 'kosong'),
(149, 5, '2025-11-12', '12:00:00', '13:00:00', 'kosong'),
(150, 5, '2025-11-12', '13:00:00', '14:00:00', 'kosong'),
(151, 5, '2025-11-12', '14:00:00', '15:00:00', 'kosong'),
(152, 5, '2025-11-12', '15:00:00', '16:00:00', 'kosong'),
(153, 5, '2025-11-12', '16:00:00', '17:00:00', 'kosong'),
(154, 5, '2025-11-12', '17:00:00', '18:00:00', 'kosong'),
(155, 5, '2025-11-12', '18:00:00', '19:00:00', 'kosong'),
(156, 5, '2025-11-12', '19:00:00', '20:00:00', 'kosong'),
(157, 5, '2025-11-12', '20:00:00', '21:00:00', 'kosong'),
(158, 5, '2025-11-12', '21:00:00', '22:00:00', 'kosong'),
(159, 5, '2025-11-13', '07:00:00', '08:00:00', 'terisi'),
(160, 5, '2025-11-13', '08:00:00', '09:00:00', 'kosong'),
(161, 5, '2025-11-13', '09:00:00', '10:00:00', 'kosong'),
(162, 5, '2025-11-13', '10:00:00', '11:00:00', 'kosong'),
(163, 5, '2025-11-13', '11:00:00', '12:00:00', 'kosong'),
(164, 5, '2025-11-13', '12:00:00', '13:00:00', 'kosong'),
(165, 5, '2025-11-13', '13:00:00', '14:00:00', 'kosong'),
(166, 5, '2025-11-13', '14:00:00', '15:00:00', 'kosong'),
(167, 5, '2025-11-13', '15:00:00', '16:00:00', 'kosong'),
(168, 5, '2025-11-13', '16:00:00', '17:00:00', 'kosong'),
(169, 5, '2025-11-13', '17:00:00', '18:00:00', 'terisi'),
(170, 5, '2025-11-13', '18:00:00', '19:00:00', 'kosong'),
(171, 5, '2025-11-13', '19:00:00', '20:00:00', 'kosong'),
(172, 5, '2025-11-13', '20:00:00', '21:00:00', 'kosong'),
(173, 5, '2025-11-13', '21:00:00', '22:00:00', 'terisi'),
(174, 5, '2025-11-14', '07:00:00', '08:00:00', 'kosong'),
(175, 5, '2025-11-14', '08:00:00', '09:00:00', 'kosong'),
(176, 5, '2025-11-14', '09:00:00', '10:00:00', 'kosong'),
(177, 5, '2025-11-14', '10:00:00', '11:00:00', 'kosong'),
(178, 5, '2025-11-14', '11:00:00', '12:00:00', 'kosong'),
(179, 5, '2025-11-14', '12:00:00', '13:00:00', 'kosong'),
(180, 5, '2025-11-14', '13:00:00', '14:00:00', 'kosong'),
(181, 5, '2025-11-14', '14:00:00', '15:00:00', 'kosong'),
(182, 5, '2025-11-14', '15:00:00', '16:00:00', 'kosong'),
(183, 5, '2025-11-14', '16:00:00', '17:00:00', 'kosong'),
(184, 5, '2025-11-14', '17:00:00', '18:00:00', 'kosong'),
(185, 5, '2025-11-14', '18:00:00', '19:00:00', 'terisi'),
(186, 5, '2025-11-14', '19:00:00', '20:00:00', 'kosong'),
(187, 5, '2025-11-14', '20:00:00', '21:00:00', 'kosong'),
(188, 5, '2025-11-14', '21:00:00', '22:00:00', 'kosong'),
(189, 5, '2025-11-15', '07:00:00', '08:00:00', 'kosong'),
(190, 5, '2025-11-15', '08:00:00', '09:00:00', 'kosong'),
(191, 5, '2025-11-15', '09:00:00', '10:00:00', 'kosong'),
(192, 5, '2025-11-15', '10:00:00', '11:00:00', 'kosong'),
(193, 5, '2025-11-15', '11:00:00', '12:00:00', 'kosong'),
(194, 5, '2025-11-15', '12:00:00', '13:00:00', 'kosong'),
(195, 5, '2025-11-15', '13:00:00', '14:00:00', 'kosong'),
(196, 5, '2025-11-15', '14:00:00', '15:00:00', 'kosong'),
(197, 5, '2025-11-15', '15:00:00', '16:00:00', 'kosong'),
(198, 5, '2025-11-15', '16:00:00', '17:00:00', 'kosong'),
(199, 5, '2025-11-15', '17:00:00', '18:00:00', 'kosong'),
(200, 5, '2025-11-15', '18:00:00', '19:00:00', 'kosong'),
(201, 5, '2025-11-15', '19:00:00', '20:00:00', 'kosong'),
(202, 5, '2025-11-15', '20:00:00', '21:00:00', 'kosong'),
(203, 5, '2025-11-15', '21:00:00', '22:00:00', 'kosong'),
(204, 5, '2025-11-16', '07:00:00', '08:00:00', 'kosong'),
(205, 5, '2025-11-16', '08:00:00', '09:00:00', 'kosong'),
(206, 5, '2025-11-16', '09:00:00', '10:00:00', 'kosong'),
(207, 5, '2025-11-16', '10:00:00', '11:00:00', 'kosong'),
(208, 5, '2025-11-16', '11:00:00', '12:00:00', 'kosong'),
(209, 5, '2025-11-16', '12:00:00', '13:00:00', 'kosong'),
(210, 5, '2025-11-16', '13:00:00', '14:00:00', 'kosong'),
(211, 5, '2025-11-16', '14:00:00', '15:00:00', 'kosong'),
(212, 5, '2025-11-16', '15:00:00', '16:00:00', 'kosong'),
(213, 5, '2025-11-16', '16:00:00', '17:00:00', 'terisi'),
(214, 5, '2025-11-16', '17:00:00', '18:00:00', 'kosong'),
(215, 5, '2025-11-16', '18:00:00', '19:00:00', 'kosong'),
(216, 5, '2025-11-16', '19:00:00', '20:00:00', 'kosong'),
(217, 5, '2025-11-16', '20:00:00', '21:00:00', 'kosong'),
(218, 5, '2025-11-16', '21:00:00', '22:00:00', 'kosong'),
(219, 5, '2025-11-17', '07:00:00', '08:00:00', 'kosong'),
(220, 5, '2025-11-17', '08:00:00', '09:00:00', 'kosong'),
(221, 5, '2025-11-17', '09:00:00', '10:00:00', 'kosong'),
(222, 5, '2025-11-17', '10:00:00', '11:00:00', 'kosong'),
(223, 5, '2025-11-17', '11:00:00', '12:00:00', 'kosong'),
(224, 5, '2025-11-17', '12:00:00', '13:00:00', 'kosong'),
(225, 5, '2025-11-17', '13:00:00', '14:00:00', 'kosong'),
(226, 5, '2025-11-17', '14:00:00', '15:00:00', 'kosong'),
(227, 5, '2025-11-17', '15:00:00', '16:00:00', 'kosong'),
(228, 5, '2025-11-17', '16:00:00', '17:00:00', 'kosong'),
(229, 5, '2025-11-17', '17:00:00', '18:00:00', 'kosong'),
(230, 5, '2025-11-17', '18:00:00', '19:00:00', 'kosong'),
(231, 5, '2025-11-17', '19:00:00', '20:00:00', 'kosong'),
(232, 5, '2025-11-17', '20:00:00', '21:00:00', 'kosong'),
(233, 5, '2025-11-17', '21:00:00', '22:00:00', 'kosong'),
(234, 5, '2025-11-18', '07:00:00', '08:00:00', 'kosong'),
(235, 5, '2025-11-18', '08:00:00', '09:00:00', 'kosong'),
(236, 5, '2025-11-18', '09:00:00', '10:00:00', 'kosong'),
(237, 5, '2025-11-18', '10:00:00', '11:00:00', 'kosong'),
(238, 5, '2025-11-18', '11:00:00', '12:00:00', 'kosong'),
(239, 5, '2025-11-18', '12:00:00', '13:00:00', 'kosong'),
(240, 5, '2025-11-18', '13:00:00', '14:00:00', 'kosong'),
(241, 5, '2025-11-18', '14:00:00', '15:00:00', 'kosong'),
(242, 5, '2025-11-18', '15:00:00', '16:00:00', 'kosong'),
(243, 5, '2025-11-18', '16:00:00', '17:00:00', 'kosong'),
(244, 5, '2025-11-18', '17:00:00', '18:00:00', 'terisi'),
(245, 5, '2025-11-18', '18:00:00', '19:00:00', 'terisi'),
(246, 5, '2025-11-18', '19:00:00', '20:00:00', 'kosong'),
(247, 5, '2025-11-18', '20:00:00', '21:00:00', 'kosong'),
(248, 5, '2025-11-18', '21:00:00', '22:00:00', 'kosong'),
(249, 5, '2025-11-19', '07:00:00', '08:00:00', 'kosong'),
(250, 5, '2025-11-19', '08:00:00', '09:00:00', 'kosong'),
(251, 5, '2025-11-19', '09:00:00', '10:00:00', 'kosong'),
(252, 5, '2025-11-19', '10:00:00', '11:00:00', 'kosong'),
(253, 5, '2025-11-19', '11:00:00', '12:00:00', 'kosong'),
(254, 5, '2025-11-19', '12:00:00', '13:00:00', 'kosong'),
(255, 5, '2025-11-19', '13:00:00', '14:00:00', 'kosong'),
(256, 5, '2025-11-19', '14:00:00', '15:00:00', 'kosong'),
(257, 5, '2025-11-19', '15:00:00', '16:00:00', 'kosong'),
(258, 5, '2025-11-19', '16:00:00', '17:00:00', 'kosong'),
(259, 5, '2025-11-19', '17:00:00', '18:00:00', 'kosong'),
(260, 5, '2025-11-19', '18:00:00', '19:00:00', 'kosong'),
(261, 5, '2025-11-19', '19:00:00', '20:00:00', 'kosong'),
(262, 5, '2025-11-19', '20:00:00', '21:00:00', 'kosong'),
(263, 5, '2025-11-19', '21:00:00', '22:00:00', 'kosong'),
(264, 5, '2025-11-20', '07:00:00', '08:00:00', 'kosong'),
(265, 5, '2025-11-20', '08:00:00', '09:00:00', 'kosong'),
(266, 5, '2025-11-20', '09:00:00', '10:00:00', 'kosong'),
(267, 5, '2025-11-20', '10:00:00', '11:00:00', 'kosong'),
(268, 5, '2025-11-20', '11:00:00', '12:00:00', 'kosong'),
(269, 5, '2025-11-20', '12:00:00', '13:00:00', 'kosong'),
(270, 5, '2025-11-20', '13:00:00', '14:00:00', 'kosong'),
(271, 5, '2025-11-20', '14:00:00', '15:00:00', 'kosong'),
(272, 5, '2025-11-20', '15:00:00', '16:00:00', 'kosong'),
(273, 5, '2025-11-20', '16:00:00', '17:00:00', 'kosong'),
(274, 5, '2025-11-20', '17:00:00', '18:00:00', 'menunggu'),
(275, 5, '2025-11-20', '18:00:00', '19:00:00', 'kosong'),
(276, 5, '2025-11-20', '19:00:00', '20:00:00', 'kosong'),
(277, 5, '2025-11-20', '20:00:00', '21:00:00', 'kosong'),
(278, 5, '2025-11-20', '21:00:00', '22:00:00', 'terisi'),
(279, 5, '2025-11-21', '07:00:00', '08:00:00', 'kosong'),
(280, 5, '2025-11-21', '08:00:00', '09:00:00', 'terisi'),
(281, 5, '2025-11-21', '09:00:00', '10:00:00', 'terisi'),
(282, 5, '2025-11-21', '10:00:00', '11:00:00', 'terisi'),
(283, 5, '2025-11-21', '11:00:00', '12:00:00', 'kosong'),
(284, 5, '2025-11-21', '12:00:00', '13:00:00', 'kosong'),
(285, 5, '2025-11-21', '13:00:00', '14:00:00', 'kosong'),
(286, 5, '2025-11-21', '14:00:00', '15:00:00', 'kosong'),
(287, 5, '2025-11-21', '15:00:00', '16:00:00', 'kosong'),
(288, 5, '2025-11-21', '16:00:00', '17:00:00', 'kosong'),
(289, 5, '2025-11-21', '17:00:00', '18:00:00', 'kosong'),
(290, 5, '2025-11-21', '18:00:00', '19:00:00', 'kosong'),
(291, 5, '2025-11-21', '19:00:00', '20:00:00', 'kosong'),
(292, 5, '2025-11-21', '20:00:00', '21:00:00', 'kosong'),
(293, 5, '2025-11-21', '21:00:00', '22:00:00', 'kosong'),
(294, 5, '2025-11-22', '07:00:00', '08:00:00', 'kosong'),
(295, 5, '2025-11-22', '08:00:00', '09:00:00', 'terisi'),
(296, 5, '2025-11-22', '09:00:00', '10:00:00', 'terisi'),
(297, 5, '2025-11-22', '10:00:00', '11:00:00', 'kosong'),
(298, 5, '2025-11-22', '11:00:00', '12:00:00', 'kosong'),
(299, 5, '2025-11-22', '12:00:00', '13:00:00', 'kosong'),
(300, 5, '2025-11-22', '13:00:00', '14:00:00', 'kosong'),
(301, 5, '2025-11-22', '14:00:00', '15:00:00', 'kosong'),
(302, 5, '2025-11-22', '15:00:00', '16:00:00', 'kosong'),
(303, 5, '2025-11-22', '16:00:00', '17:00:00', 'kosong'),
(304, 5, '2025-11-22', '17:00:00', '18:00:00', 'kosong'),
(305, 5, '2025-11-22', '18:00:00', '19:00:00', 'kosong'),
(306, 5, '2025-11-22', '19:00:00', '20:00:00', 'kosong'),
(307, 5, '2025-11-22', '20:00:00', '21:00:00', 'kosong'),
(308, 5, '2025-11-22', '21:00:00', '22:00:00', 'kosong'),
(309, 5, '2025-11-23', '07:00:00', '08:00:00', 'kosong'),
(310, 5, '2025-11-23', '08:00:00', '09:00:00', 'kosong'),
(311, 5, '2025-11-23', '09:00:00', '10:00:00', 'kosong'),
(312, 5, '2025-11-23', '10:00:00', '11:00:00', 'kosong'),
(313, 5, '2025-11-23', '11:00:00', '12:00:00', 'kosong'),
(314, 5, '2025-11-23', '12:00:00', '13:00:00', 'kosong'),
(315, 5, '2025-11-23', '13:00:00', '14:00:00', 'kosong'),
(316, 5, '2025-11-23', '14:00:00', '15:00:00', 'kosong'),
(317, 5, '2025-11-23', '15:00:00', '16:00:00', 'kosong'),
(318, 5, '2025-11-23', '16:00:00', '17:00:00', 'kosong'),
(319, 5, '2025-11-23', '17:00:00', '18:00:00', 'kosong'),
(320, 5, '2025-11-23', '18:00:00', '19:00:00', 'kosong'),
(321, 5, '2025-11-23', '19:00:00', '20:00:00', 'kosong'),
(322, 5, '2025-11-23', '20:00:00', '21:00:00', 'kosong'),
(323, 5, '2025-11-23', '21:00:00', '22:00:00', 'kosong'),
(324, 5, '2025-11-24', '07:00:00', '08:00:00', 'kosong'),
(325, 5, '2025-11-24', '08:00:00', '09:00:00', 'kosong'),
(326, 5, '2025-11-24', '09:00:00', '10:00:00', 'kosong'),
(327, 5, '2025-11-24', '10:00:00', '11:00:00', 'kosong'),
(328, 5, '2025-11-24', '11:00:00', '12:00:00', 'kosong'),
(329, 5, '2025-11-24', '12:00:00', '13:00:00', 'kosong'),
(330, 5, '2025-11-24', '13:00:00', '14:00:00', 'kosong'),
(331, 5, '2025-11-24', '14:00:00', '15:00:00', 'kosong'),
(332, 5, '2025-11-24', '15:00:00', '16:00:00', 'kosong'),
(333, 5, '2025-11-24', '16:00:00', '17:00:00', 'kosong'),
(334, 5, '2025-11-24', '17:00:00', '18:00:00', 'kosong'),
(335, 5, '2025-11-24', '18:00:00', '19:00:00', 'kosong'),
(336, 5, '2025-11-24', '19:00:00', '20:00:00', 'kosong'),
(337, 5, '2025-11-24', '20:00:00', '21:00:00', 'kosong'),
(338, 5, '2025-11-24', '21:00:00', '22:00:00', 'kosong'),
(339, 5, '2025-11-25', '07:00:00', '08:00:00', 'kosong'),
(340, 5, '2025-11-25', '08:00:00', '09:00:00', 'kosong'),
(341, 5, '2025-11-25', '09:00:00', '10:00:00', 'kosong'),
(342, 5, '2025-11-25', '10:00:00', '11:00:00', 'kosong'),
(343, 5, '2025-11-25', '11:00:00', '12:00:00', 'kosong'),
(344, 5, '2025-11-25', '12:00:00', '13:00:00', 'kosong'),
(345, 5, '2025-11-25', '13:00:00', '14:00:00', 'kosong'),
(346, 5, '2025-11-25', '14:00:00', '15:00:00', 'kosong'),
(347, 5, '2025-11-25', '15:00:00', '16:00:00', 'kosong'),
(348, 5, '2025-11-25', '16:00:00', '17:00:00', 'kosong'),
(349, 5, '2025-11-25', '17:00:00', '18:00:00', 'kosong'),
(350, 5, '2025-11-25', '18:00:00', '19:00:00', 'kosong'),
(351, 5, '2025-11-25', '19:00:00', '20:00:00', 'kosong'),
(352, 5, '2025-11-25', '20:00:00', '21:00:00', 'kosong'),
(353, 5, '2025-11-25', '21:00:00', '22:00:00', 'kosong'),
(354, 5, '2025-11-26', '07:00:00', '08:00:00', 'kosong'),
(355, 5, '2025-11-26', '08:00:00', '09:00:00', 'kosong'),
(356, 5, '2025-11-26', '09:00:00', '10:00:00', 'kosong'),
(357, 5, '2025-11-26', '10:00:00', '11:00:00', 'kosong'),
(358, 5, '2025-11-26', '11:00:00', '12:00:00', 'kosong'),
(359, 5, '2025-11-26', '12:00:00', '13:00:00', 'kosong'),
(360, 5, '2025-11-26', '13:00:00', '14:00:00', 'kosong'),
(361, 5, '2025-11-26', '14:00:00', '15:00:00', 'kosong'),
(362, 5, '2025-11-26', '15:00:00', '16:00:00', 'kosong'),
(363, 5, '2025-11-26', '16:00:00', '17:00:00', 'kosong'),
(364, 5, '2025-11-26', '17:00:00', '18:00:00', 'kosong'),
(365, 5, '2025-11-26', '18:00:00', '19:00:00', 'kosong'),
(366, 5, '2025-11-26', '19:00:00', '20:00:00', 'kosong'),
(367, 5, '2025-11-26', '20:00:00', '21:00:00', 'kosong'),
(368, 5, '2025-11-26', '21:00:00', '22:00:00', 'kosong'),
(369, 5, '2025-11-27', '07:00:00', '08:00:00', 'kosong'),
(370, 5, '2025-11-27', '08:00:00', '09:00:00', 'terisi'),
(371, 5, '2025-11-27', '09:00:00', '10:00:00', 'kosong'),
(372, 5, '2025-11-27', '10:00:00', '11:00:00', 'kosong'),
(373, 5, '2025-11-27', '11:00:00', '12:00:00', 'kosong'),
(374, 5, '2025-11-27', '12:00:00', '13:00:00', 'kosong'),
(375, 5, '2025-11-27', '13:00:00', '14:00:00', 'kosong'),
(376, 5, '2025-11-27', '14:00:00', '15:00:00', 'kosong'),
(377, 5, '2025-11-27', '15:00:00', '16:00:00', 'kosong'),
(378, 5, '2025-11-27', '16:00:00', '17:00:00', 'kosong'),
(379, 5, '2025-11-27', '17:00:00', '18:00:00', 'kosong'),
(380, 5, '2025-11-27', '18:00:00', '19:00:00', 'kosong'),
(381, 5, '2025-11-27', '19:00:00', '20:00:00', 'kosong'),
(382, 5, '2025-11-27', '20:00:00', '21:00:00', 'kosong'),
(383, 5, '2025-11-27', '21:00:00', '22:00:00', 'kosong'),
(384, 5, '2025-11-28', '07:00:00', '08:00:00', 'kosong'),
(385, 5, '2025-11-28', '08:00:00', '09:00:00', 'kosong'),
(386, 5, '2025-11-28', '09:00:00', '10:00:00', 'kosong'),
(387, 5, '2025-11-28', '10:00:00', '11:00:00', 'kosong'),
(388, 5, '2025-11-28', '11:00:00', '12:00:00', 'kosong'),
(389, 5, '2025-11-28', '12:00:00', '13:00:00', 'kosong'),
(390, 5, '2025-11-28', '13:00:00', '14:00:00', 'kosong'),
(391, 5, '2025-11-28', '14:00:00', '15:00:00', 'kosong'),
(392, 5, '2025-11-28', '15:00:00', '16:00:00', 'kosong'),
(393, 5, '2025-11-28', '16:00:00', '17:00:00', 'kosong'),
(394, 5, '2025-11-28', '17:00:00', '18:00:00', 'kosong'),
(395, 5, '2025-11-28', '18:00:00', '19:00:00', 'kosong'),
(396, 5, '2025-11-28', '19:00:00', '20:00:00', 'kosong'),
(397, 5, '2025-11-28', '20:00:00', '21:00:00', 'kosong'),
(398, 5, '2025-11-28', '21:00:00', '22:00:00', 'kosong'),
(399, 5, '2025-11-29', '07:00:00', '08:00:00', 'kosong'),
(400, 5, '2025-11-29', '08:00:00', '09:00:00', 'kosong'),
(401, 5, '2025-11-29', '09:00:00', '10:00:00', 'kosong'),
(402, 5, '2025-11-29', '10:00:00', '11:00:00', 'kosong'),
(403, 5, '2025-11-29', '11:00:00', '12:00:00', 'kosong'),
(404, 5, '2025-11-29', '12:00:00', '13:00:00', 'kosong'),
(405, 5, '2025-11-29', '13:00:00', '14:00:00', 'kosong'),
(406, 5, '2025-11-29', '14:00:00', '15:00:00', 'kosong'),
(407, 5, '2025-11-29', '15:00:00', '16:00:00', 'kosong'),
(408, 5, '2025-11-29', '16:00:00', '17:00:00', 'kosong'),
(409, 5, '2025-11-29', '17:00:00', '18:00:00', 'kosong'),
(410, 5, '2025-11-29', '18:00:00', '19:00:00', 'kosong'),
(411, 5, '2025-11-29', '19:00:00', '20:00:00', 'kosong'),
(412, 5, '2025-11-29', '20:00:00', '21:00:00', 'kosong'),
(413, 5, '2025-11-29', '21:00:00', '22:00:00', 'kosong'),
(414, 5, '2025-11-03', '08:00:00', '08:00:00', 'maintenance'),
(416, 5, '2025-11-30', '09:00:00', '10:00:00', 'kosong'),
(417, 5, '2025-11-30', '10:00:00', '11:00:00', 'kosong'),
(418, 5, '2025-11-30', '11:00:00', '12:00:00', 'kosong'),
(419, 5, '2025-11-30', '12:00:00', '13:00:00', 'kosong'),
(420, 5, '2025-11-30', '13:00:00', '14:00:00', 'kosong'),
(421, 5, '2025-11-30', '14:00:00', '15:00:00', 'kosong'),
(422, 5, '2025-11-30', '15:00:00', '16:00:00', 'kosong'),
(423, 5, '2025-11-30', '16:00:00', '17:00:00', 'kosong'),
(424, 5, '2025-11-30', '17:00:00', '18:00:00', 'kosong'),
(425, 5, '2025-11-30', '18:00:00', '19:00:00', 'kosong'),
(426, 5, '2025-11-30', '19:00:00', '20:00:00', 'kosong'),
(427, 5, '2025-11-30', '20:00:00', '21:00:00', 'kosong'),
(428, 5, '2025-11-30', '21:00:00', '22:00:00', 'kosong'),
(429, 4, '2025-11-03', '07:30:00', '08:30:00', 'kosong'),
(430, 4, '2025-11-03', '08:30:00', '09:30:00', 'kosong'),
(431, 4, '2025-11-03', '09:30:00', '10:30:00', 'kosong'),
(432, 4, '2025-11-03', '10:30:00', '11:30:00', 'kosong'),
(433, 4, '2025-11-03', '11:30:00', '12:30:00', 'kosong'),
(434, 4, '2025-11-03', '12:30:00', '13:30:00', 'kosong'),
(435, 4, '2025-11-03', '13:30:00', '14:30:00', 'kosong'),
(436, 4, '2025-11-03', '14:30:00', '15:30:00', 'kosong'),
(437, 4, '2025-11-03', '15:30:00', '16:30:00', 'kosong'),
(438, 4, '2025-11-03', '16:30:00', '17:30:00', 'kosong'),
(439, 4, '2025-11-03', '17:30:00', '18:30:00', 'kosong'),
(440, 4, '2025-11-03', '18:30:00', '19:30:00', 'kosong'),
(441, 4, '2025-11-03', '19:30:00', '20:30:00', 'kosong'),
(442, 4, '2025-11-03', '20:30:00', '21:30:00', 'kosong'),
(443, 4, '2025-11-03', '21:30:00', '22:30:00', 'kosong'),
(444, 4, '2025-11-04', '07:30:00', '08:30:00', 'kosong'),
(445, 4, '2025-11-04', '08:30:00', '09:30:00', 'kosong'),
(446, 4, '2025-11-04', '09:30:00', '10:30:00', 'kosong'),
(447, 4, '2025-11-04', '10:30:00', '11:30:00', 'kosong'),
(448, 4, '2025-11-04', '11:30:00', '12:30:00', 'kosong'),
(449, 4, '2025-11-04', '12:30:00', '13:30:00', 'kosong'),
(450, 4, '2025-11-04', '13:30:00', '14:30:00', 'kosong'),
(451, 4, '2025-11-04', '14:30:00', '15:30:00', 'kosong'),
(452, 4, '2025-11-04', '15:30:00', '16:30:00', 'kosong'),
(453, 4, '2025-11-04', '16:30:00', '17:30:00', 'kosong'),
(454, 4, '2025-11-04', '17:30:00', '18:30:00', 'kosong'),
(455, 4, '2025-11-04', '18:30:00', '19:30:00', 'kosong'),
(456, 4, '2025-11-04', '19:30:00', '20:30:00', 'kosong'),
(457, 4, '2025-11-04', '20:30:00', '21:30:00', 'kosong'),
(458, 4, '2025-11-04', '21:30:00', '22:30:00', 'kosong'),
(459, 4, '2025-11-05', '07:30:00', '08:30:00', 'kosong'),
(460, 4, '2025-11-05', '08:30:00', '09:30:00', 'kosong'),
(461, 4, '2025-11-05', '09:30:00', '10:30:00', 'kosong'),
(462, 4, '2025-11-05', '10:30:00', '11:30:00', 'kosong'),
(463, 4, '2025-11-05', '11:30:00', '12:30:00', 'kosong'),
(464, 4, '2025-11-05', '12:30:00', '13:30:00', 'kosong'),
(465, 4, '2025-11-05', '13:30:00', '14:30:00', 'kosong'),
(466, 4, '2025-11-05', '14:30:00', '15:30:00', 'kosong'),
(467, 4, '2025-11-05', '15:30:00', '16:30:00', 'kosong'),
(468, 4, '2025-11-05', '16:30:00', '17:30:00', 'kosong'),
(469, 4, '2025-11-05', '17:30:00', '18:30:00', 'kosong'),
(470, 4, '2025-11-05', '18:30:00', '19:30:00', 'kosong'),
(471, 4, '2025-11-05', '19:30:00', '20:30:00', 'kosong'),
(472, 4, '2025-11-05', '20:30:00', '21:30:00', 'kosong'),
(473, 4, '2025-11-05', '21:30:00', '22:30:00', 'kosong'),
(474, 4, '2025-11-06', '07:30:00', '08:30:00', 'kosong'),
(475, 4, '2025-11-06', '08:30:00', '09:30:00', 'kosong'),
(476, 4, '2025-11-06', '09:30:00', '10:30:00', 'kosong'),
(477, 4, '2025-11-06', '10:30:00', '11:30:00', 'kosong'),
(478, 4, '2025-11-06', '11:30:00', '12:30:00', 'kosong'),
(479, 4, '2025-11-06', '12:30:00', '13:30:00', 'kosong'),
(480, 4, '2025-11-06', '13:30:00', '14:30:00', 'kosong'),
(481, 4, '2025-11-06', '14:30:00', '15:30:00', 'kosong'),
(482, 4, '2025-11-06', '15:30:00', '16:30:00', 'kosong'),
(483, 4, '2025-11-06', '16:30:00', '17:30:00', 'kosong'),
(484, 4, '2025-11-06', '17:30:00', '18:30:00', 'kosong'),
(485, 4, '2025-11-06', '18:30:00', '19:30:00', 'kosong'),
(486, 4, '2025-11-06', '19:30:00', '20:30:00', 'kosong'),
(487, 4, '2025-11-06', '20:30:00', '21:30:00', 'kosong'),
(488, 4, '2025-11-06', '21:30:00', '22:30:00', 'kosong'),
(489, 4, '2025-11-07', '07:30:00', '08:30:00', 'kosong'),
(490, 4, '2025-11-07', '08:30:00', '09:30:00', 'kosong'),
(491, 4, '2025-11-07', '09:30:00', '10:30:00', 'kosong'),
(492, 4, '2025-11-07', '10:30:00', '11:30:00', 'kosong'),
(493, 4, '2025-11-07', '11:30:00', '12:30:00', 'kosong'),
(494, 4, '2025-11-07', '12:30:00', '13:30:00', 'kosong'),
(495, 4, '2025-11-07', '13:30:00', '14:30:00', 'kosong'),
(496, 4, '2025-11-07', '14:30:00', '15:30:00', 'kosong'),
(497, 4, '2025-11-07', '15:30:00', '16:30:00', 'kosong'),
(498, 4, '2025-11-07', '16:30:00', '17:30:00', 'kosong'),
(499, 4, '2025-11-07', '17:30:00', '18:30:00', 'kosong'),
(500, 4, '2025-11-07', '18:30:00', '19:30:00', 'kosong'),
(501, 4, '2025-11-07', '19:30:00', '20:30:00', 'kosong'),
(502, 4, '2025-11-07', '20:30:00', '21:30:00', 'kosong'),
(503, 4, '2025-11-07', '21:30:00', '22:30:00', 'kosong'),
(504, 4, '2025-11-08', '07:30:00', '08:30:00', 'kosong'),
(505, 4, '2025-11-08', '08:30:00', '09:30:00', 'kosong'),
(506, 4, '2025-11-08', '09:30:00', '10:30:00', 'kosong'),
(507, 4, '2025-11-08', '10:30:00', '11:30:00', 'kosong'),
(508, 4, '2025-11-08', '11:30:00', '12:30:00', 'kosong'),
(509, 4, '2025-11-08', '12:30:00', '13:30:00', 'kosong'),
(510, 4, '2025-11-08', '13:30:00', '14:30:00', 'kosong'),
(511, 4, '2025-11-08', '14:30:00', '15:30:00', 'kosong'),
(512, 4, '2025-11-08', '15:30:00', '16:30:00', 'kosong'),
(513, 4, '2025-11-08', '16:30:00', '17:30:00', 'kosong'),
(514, 4, '2025-11-08', '17:30:00', '18:30:00', 'kosong'),
(515, 4, '2025-11-08', '18:30:00', '19:30:00', 'kosong'),
(516, 4, '2025-11-08', '19:30:00', '20:30:00', 'kosong'),
(517, 4, '2025-11-08', '20:30:00', '21:30:00', 'kosong'),
(518, 4, '2025-11-08', '21:30:00', '22:30:00', 'kosong'),
(519, 4, '2025-11-09', '07:30:00', '08:30:00', 'kosong'),
(520, 4, '2025-11-09', '08:30:00', '09:30:00', 'kosong'),
(521, 4, '2025-11-09', '09:30:00', '10:30:00', 'kosong'),
(522, 4, '2025-11-09', '10:30:00', '11:30:00', 'kosong'),
(523, 4, '2025-11-09', '11:30:00', '12:30:00', 'kosong'),
(524, 4, '2025-11-09', '12:30:00', '13:30:00', 'kosong'),
(525, 4, '2025-11-09', '13:30:00', '14:30:00', 'kosong'),
(526, 4, '2025-11-09', '14:30:00', '15:30:00', 'kosong'),
(527, 4, '2025-11-09', '15:30:00', '16:30:00', 'kosong'),
(528, 4, '2025-11-09', '16:30:00', '17:30:00', 'kosong'),
(529, 4, '2025-11-09', '17:30:00', '18:30:00', 'kosong'),
(530, 4, '2025-11-09', '18:30:00', '19:30:00', 'kosong'),
(531, 4, '2025-11-09', '19:30:00', '20:30:00', 'kosong'),
(532, 4, '2025-11-09', '20:30:00', '21:30:00', 'kosong'),
(533, 4, '2025-11-09', '21:30:00', '22:30:00', 'kosong'),
(534, 4, '2025-11-10', '07:30:00', '08:30:00', 'kosong'),
(535, 4, '2025-11-10', '08:30:00', '09:30:00', 'kosong'),
(536, 4, '2025-11-10', '09:30:00', '10:30:00', 'kosong'),
(537, 4, '2025-11-10', '10:30:00', '11:30:00', 'kosong'),
(538, 4, '2025-11-10', '11:30:00', '12:30:00', 'kosong'),
(539, 4, '2025-11-10', '12:30:00', '13:30:00', 'kosong'),
(540, 4, '2025-11-10', '13:30:00', '14:30:00', 'kosong'),
(541, 4, '2025-11-10', '14:30:00', '15:30:00', 'kosong'),
(542, 4, '2025-11-10', '15:30:00', '16:30:00', 'kosong'),
(543, 4, '2025-11-10', '16:30:00', '17:30:00', 'kosong'),
(544, 4, '2025-11-10', '17:30:00', '18:30:00', 'kosong'),
(545, 4, '2025-11-10', '18:30:00', '19:30:00', 'kosong'),
(546, 4, '2025-11-10', '19:30:00', '20:30:00', 'kosong'),
(547, 4, '2025-11-10', '20:30:00', '21:30:00', 'kosong'),
(548, 4, '2025-11-10', '21:30:00', '22:30:00', 'kosong'),
(549, 4, '2025-11-11', '07:30:00', '08:30:00', 'kosong'),
(550, 4, '2025-11-11', '08:30:00', '09:30:00', 'kosong'),
(551, 4, '2025-11-11', '09:30:00', '10:30:00', 'kosong'),
(552, 4, '2025-11-11', '10:30:00', '11:30:00', 'kosong'),
(553, 4, '2025-11-11', '11:30:00', '12:30:00', 'kosong'),
(554, 4, '2025-11-11', '12:30:00', '13:30:00', 'kosong'),
(555, 4, '2025-11-11', '13:30:00', '14:30:00', 'kosong'),
(556, 4, '2025-11-11', '14:30:00', '15:30:00', 'kosong'),
(557, 4, '2025-11-11', '15:30:00', '16:30:00', 'kosong'),
(558, 4, '2025-11-11', '16:30:00', '17:30:00', 'kosong'),
(559, 4, '2025-11-11', '17:30:00', '18:30:00', 'kosong'),
(560, 4, '2025-11-11', '18:30:00', '19:30:00', 'kosong'),
(561, 4, '2025-11-11', '19:30:00', '20:30:00', 'kosong'),
(562, 4, '2025-11-11', '20:30:00', '21:30:00', 'kosong'),
(563, 4, '2025-11-11', '21:30:00', '22:30:00', 'kosong'),
(564, 4, '2025-11-12', '07:30:00', '08:30:00', 'kosong'),
(565, 4, '2025-11-12', '08:30:00', '09:30:00', 'kosong'),
(566, 4, '2025-11-12', '09:30:00', '10:30:00', 'kosong'),
(567, 4, '2025-11-12', '10:30:00', '11:30:00', 'kosong'),
(568, 4, '2025-11-12', '11:30:00', '12:30:00', 'kosong'),
(569, 4, '2025-11-12', '12:30:00', '13:30:00', 'kosong'),
(570, 4, '2025-11-12', '13:30:00', '14:30:00', 'kosong'),
(571, 4, '2025-11-12', '14:30:00', '15:30:00', 'kosong'),
(572, 4, '2025-11-12', '15:30:00', '16:30:00', 'kosong'),
(573, 4, '2025-11-12', '16:30:00', '17:30:00', 'kosong'),
(574, 4, '2025-11-12', '17:30:00', '18:30:00', 'kosong'),
(575, 4, '2025-11-12', '18:30:00', '19:30:00', 'kosong'),
(576, 4, '2025-11-12', '19:30:00', '20:30:00', 'kosong'),
(577, 4, '2025-11-12', '20:30:00', '21:30:00', 'kosong'),
(578, 4, '2025-11-12', '21:30:00', '22:30:00', 'kosong'),
(579, 4, '2025-11-13', '07:30:00', '08:30:00', 'terisi'),
(580, 4, '2025-11-13', '08:30:00', '09:30:00', 'kosong'),
(581, 4, '2025-11-13', '09:30:00', '10:30:00', 'kosong'),
(582, 4, '2025-11-13', '10:30:00', '11:30:00', 'terisi'),
(583, 4, '2025-11-13', '11:30:00', '12:30:00', 'kosong'),
(584, 4, '2025-11-13', '12:30:00', '13:30:00', 'kosong'),
(585, 4, '2025-11-13', '13:30:00', '14:30:00', 'kosong'),
(586, 4, '2025-11-13', '14:30:00', '15:30:00', 'kosong'),
(587, 4, '2025-11-13', '15:30:00', '16:30:00', 'kosong'),
(588, 4, '2025-11-13', '16:30:00', '17:30:00', 'terisi'),
(589, 4, '2025-11-13', '17:30:00', '18:30:00', 'terisi'),
(590, 4, '2025-11-13', '18:30:00', '19:30:00', 'terisi'),
(591, 4, '2025-11-13', '19:30:00', '20:30:00', 'terisi'),
(592, 4, '2025-11-13', '20:30:00', '21:30:00', 'terisi'),
(593, 4, '2025-11-13', '21:30:00', '22:30:00', 'terisi'),
(594, 4, '2025-11-14', '07:30:00', '08:30:00', 'terisi'),
(595, 4, '2025-11-14', '08:30:00', '09:30:00', 'terisi'),
(596, 4, '2025-11-14', '09:30:00', '10:30:00', 'terisi'),
(597, 4, '2025-11-14', '10:30:00', '11:30:00', 'terisi'),
(598, 4, '2025-11-14', '11:30:00', '12:30:00', 'kosong'),
(599, 4, '2025-11-14', '12:30:00', '13:30:00', 'kosong'),
(600, 4, '2025-11-14', '13:30:00', '14:30:00', 'terisi'),
(601, 4, '2025-11-14', '14:30:00', '15:30:00', 'kosong'),
(602, 4, '2025-11-14', '15:30:00', '16:30:00', 'kosong'),
(603, 4, '2025-11-14', '16:30:00', '17:30:00', 'kosong'),
(604, 4, '2025-11-14', '17:30:00', '18:30:00', 'terisi'),
(605, 4, '2025-11-14', '18:30:00', '19:30:00', 'kosong'),
(606, 4, '2025-11-14', '19:30:00', '20:30:00', 'kosong'),
(607, 4, '2025-11-14', '20:30:00', '21:30:00', 'kosong'),
(608, 4, '2025-11-14', '21:30:00', '22:30:00', 'kosong'),
(609, 4, '2025-11-15', '07:30:00', '08:30:00', 'kosong'),
(610, 4, '2025-11-15', '08:30:00', '09:30:00', 'terisi'),
(611, 4, '2025-11-15', '09:30:00', '10:30:00', 'kosong'),
(612, 4, '2025-11-15', '10:30:00', '11:30:00', 'kosong'),
(613, 4, '2025-11-15', '11:30:00', '12:30:00', 'kosong'),
(614, 4, '2025-11-15', '12:30:00', '13:30:00', 'kosong'),
(615, 4, '2025-11-15', '13:30:00', '14:30:00', 'kosong'),
(616, 4, '2025-11-15', '14:30:00', '15:30:00', 'kosong'),
(617, 4, '2025-11-15', '15:30:00', '16:30:00', 'kosong'),
(618, 4, '2025-11-15', '16:30:00', '17:30:00', 'kosong'),
(619, 4, '2025-11-15', '17:30:00', '18:30:00', 'kosong'),
(620, 4, '2025-11-15', '18:30:00', '19:30:00', 'kosong'),
(621, 4, '2025-11-15', '19:30:00', '20:30:00', 'kosong'),
(622, 4, '2025-11-15', '20:30:00', '21:30:00', 'kosong'),
(623, 4, '2025-11-15', '21:30:00', '22:30:00', 'kosong'),
(624, 4, '2025-11-16', '07:30:00', '08:30:00', 'kosong'),
(625, 4, '2025-11-16', '08:30:00', '09:30:00', 'kosong'),
(626, 4, '2025-11-16', '09:30:00', '10:30:00', 'kosong'),
(627, 4, '2025-11-16', '10:30:00', '11:30:00', 'kosong'),
(628, 4, '2025-11-16', '11:30:00', '12:30:00', 'kosong'),
(629, 4, '2025-11-16', '12:30:00', '13:30:00', 'kosong'),
(630, 4, '2025-11-16', '13:30:00', '14:30:00', 'kosong'),
(631, 4, '2025-11-16', '14:30:00', '15:30:00', 'kosong'),
(632, 4, '2025-11-16', '15:30:00', '16:30:00', 'kosong'),
(633, 4, '2025-11-16', '16:30:00', '17:30:00', 'kosong'),
(634, 4, '2025-11-16', '17:30:00', '18:30:00', 'kosong'),
(635, 4, '2025-11-16', '18:30:00', '19:30:00', 'kosong'),
(636, 4, '2025-11-16', '19:30:00', '20:30:00', 'kosong'),
(637, 4, '2025-11-16', '20:30:00', '21:30:00', 'kosong'),
(638, 4, '2025-11-16', '21:30:00', '22:30:00', 'kosong'),
(639, 4, '2025-11-17', '07:30:00', '08:30:00', 'kosong'),
(640, 4, '2025-11-17', '08:30:00', '09:30:00', 'kosong'),
(641, 4, '2025-11-17', '09:30:00', '10:30:00', 'kosong'),
(642, 4, '2025-11-17', '10:30:00', '11:30:00', 'kosong'),
(643, 4, '2025-11-17', '11:30:00', '12:30:00', 'kosong'),
(644, 4, '2025-11-17', '12:30:00', '13:30:00', 'kosong'),
(645, 4, '2025-11-17', '13:30:00', '14:30:00', 'kosong'),
(646, 4, '2025-11-17', '14:30:00', '15:30:00', 'kosong'),
(647, 4, '2025-11-17', '15:30:00', '16:30:00', 'kosong'),
(648, 4, '2025-11-17', '16:30:00', '17:30:00', 'kosong'),
(649, 4, '2025-11-17', '17:30:00', '18:30:00', 'kosong'),
(650, 4, '2025-11-17', '18:30:00', '19:30:00', 'kosong'),
(651, 4, '2025-11-17', '19:30:00', '20:30:00', 'kosong'),
(652, 4, '2025-11-17', '20:30:00', '21:30:00', 'kosong'),
(653, 4, '2025-11-17', '21:30:00', '22:30:00', 'terisi'),
(654, 4, '2025-11-18', '07:30:00', '08:30:00', 'kosong'),
(655, 4, '2025-11-18', '08:30:00', '09:30:00', 'kosong'),
(656, 4, '2025-11-18', '09:30:00', '10:30:00', 'kosong'),
(657, 4, '2025-11-18', '10:30:00', '11:30:00', 'kosong'),
(658, 4, '2025-11-18', '11:30:00', '12:30:00', 'kosong'),
(659, 4, '2025-11-18', '12:30:00', '13:30:00', 'kosong'),
(660, 4, '2025-11-18', '13:30:00', '14:30:00', 'kosong'),
(661, 4, '2025-11-18', '14:30:00', '15:30:00', 'kosong'),
(662, 4, '2025-11-18', '15:30:00', '16:30:00', 'kosong'),
(663, 4, '2025-11-18', '16:30:00', '17:30:00', 'kosong'),
(664, 4, '2025-11-18', '17:30:00', '18:30:00', 'kosong'),
(665, 4, '2025-11-18', '18:30:00', '19:30:00', 'terisi'),
(666, 4, '2025-11-18', '19:30:00', '20:30:00', 'kosong'),
(667, 4, '2025-11-18', '20:30:00', '21:30:00', 'kosong'),
(668, 4, '2025-11-18', '21:30:00', '22:30:00', 'kosong'),
(669, 4, '2025-11-19', '07:30:00', '08:30:00', 'kosong'),
(670, 4, '2025-11-19', '08:30:00', '09:30:00', 'kosong'),
(671, 4, '2025-11-19', '09:30:00', '10:30:00', 'kosong'),
(672, 4, '2025-11-19', '10:30:00', '11:30:00', 'kosong'),
(673, 4, '2025-11-19', '11:30:00', '12:30:00', 'kosong'),
(674, 4, '2025-11-19', '12:30:00', '13:30:00', 'kosong'),
(675, 4, '2025-11-19', '13:30:00', '14:30:00', 'kosong'),
(676, 4, '2025-11-19', '14:30:00', '15:30:00', 'kosong'),
(677, 4, '2025-11-19', '15:30:00', '16:30:00', 'kosong'),
(678, 4, '2025-11-19', '16:30:00', '17:30:00', 'kosong'),
(679, 4, '2025-11-19', '17:30:00', '18:30:00', 'kosong'),
(680, 4, '2025-11-19', '18:30:00', '19:30:00', 'kosong'),
(681, 4, '2025-11-19', '19:30:00', '20:30:00', 'kosong'),
(682, 4, '2025-11-19', '20:30:00', '21:30:00', 'kosong'),
(683, 4, '2025-11-19', '21:30:00', '22:30:00', 'kosong'),
(684, 4, '2025-11-20', '07:30:00', '08:30:00', 'kosong'),
(685, 4, '2025-11-20', '08:30:00', '09:30:00', 'kosong'),
(686, 4, '2025-11-20', '09:30:00', '10:30:00', 'kosong'),
(687, 4, '2025-11-20', '10:30:00', '11:30:00', 'kosong'),
(688, 4, '2025-11-20', '11:30:00', '12:30:00', 'kosong'),
(689, 4, '2025-11-20', '12:30:00', '13:30:00', 'kosong'),
(690, 4, '2025-11-20', '13:30:00', '14:30:00', 'kosong'),
(691, 4, '2025-11-20', '14:30:00', '15:30:00', 'kosong'),
(692, 4, '2025-11-20', '15:30:00', '16:30:00', 'kosong'),
(693, 4, '2025-11-20', '16:30:00', '17:30:00', 'kosong'),
(694, 4, '2025-11-20', '17:30:00', '18:30:00', 'kosong'),
(695, 4, '2025-11-20', '18:30:00', '19:30:00', 'kosong'),
(696, 4, '2025-11-20', '19:30:00', '20:30:00', 'kosong'),
(697, 4, '2025-11-20', '20:30:00', '21:30:00', 'kosong'),
(698, 4, '2025-11-20', '21:30:00', '22:30:00', 'kosong'),
(699, 4, '2025-11-21', '07:30:00', '08:30:00', 'kosong'),
(700, 4, '2025-11-21', '08:30:00', '09:30:00', 'kosong'),
(701, 4, '2025-11-21', '09:30:00', '10:30:00', 'kosong'),
(702, 4, '2025-11-21', '10:30:00', '11:30:00', 'kosong'),
(703, 4, '2025-11-21', '11:30:00', '12:30:00', 'kosong'),
(704, 4, '2025-11-21', '12:30:00', '13:30:00', 'kosong'),
(705, 4, '2025-11-21', '13:30:00', '14:30:00', 'kosong'),
(706, 4, '2025-11-21', '14:30:00', '15:30:00', 'kosong'),
(707, 4, '2025-11-21', '15:30:00', '16:30:00', 'kosong'),
(708, 4, '2025-11-21', '16:30:00', '17:30:00', 'kosong'),
(709, 4, '2025-11-21', '17:30:00', '18:30:00', 'kosong'),
(710, 4, '2025-11-21', '18:30:00', '19:30:00', 'kosong'),
(711, 4, '2025-11-21', '19:30:00', '20:30:00', 'kosong'),
(712, 4, '2025-11-21', '20:30:00', '21:30:00', 'kosong'),
(713, 4, '2025-11-21', '21:30:00', '22:30:00', 'kosong'),
(714, 4, '2025-11-22', '07:30:00', '08:30:00', 'kosong'),
(715, 4, '2025-11-22', '08:30:00', '09:30:00', 'kosong'),
(716, 4, '2025-11-22', '09:30:00', '10:30:00', 'kosong'),
(717, 4, '2025-11-22', '10:30:00', '11:30:00', 'kosong'),
(718, 4, '2025-11-22', '11:30:00', '12:30:00', 'kosong'),
(719, 4, '2025-11-22', '12:30:00', '13:30:00', 'kosong'),
(720, 4, '2025-11-22', '13:30:00', '14:30:00', 'kosong'),
(721, 4, '2025-11-22', '14:30:00', '15:30:00', 'kosong'),
(722, 4, '2025-11-22', '15:30:00', '16:30:00', 'kosong'),
(723, 4, '2025-11-22', '16:30:00', '17:30:00', 'kosong'),
(724, 4, '2025-11-22', '17:30:00', '18:30:00', 'kosong'),
(725, 4, '2025-11-22', '18:30:00', '19:30:00', 'kosong'),
(726, 4, '2025-11-22', '19:30:00', '20:30:00', 'kosong'),
(727, 4, '2025-11-22', '20:30:00', '21:30:00', 'kosong'),
(728, 4, '2025-11-22', '21:30:00', '22:30:00', 'kosong'),
(729, 4, '2025-11-23', '07:30:00', '08:30:00', 'kosong'),
(730, 4, '2025-11-23', '08:30:00', '09:30:00', 'kosong'),
(731, 4, '2025-11-23', '09:30:00', '10:30:00', 'kosong'),
(732, 4, '2025-11-23', '10:30:00', '11:30:00', 'kosong'),
(733, 4, '2025-11-23', '11:30:00', '12:30:00', 'kosong'),
(734, 4, '2025-11-23', '12:30:00', '13:30:00', 'kosong'),
(735, 4, '2025-11-23', '13:30:00', '14:30:00', 'kosong'),
(736, 4, '2025-11-23', '14:30:00', '15:30:00', 'kosong'),
(737, 4, '2025-11-23', '15:30:00', '16:30:00', 'kosong'),
(738, 4, '2025-11-23', '16:30:00', '17:30:00', 'kosong'),
(739, 4, '2025-11-23', '17:30:00', '18:30:00', 'kosong'),
(740, 4, '2025-11-23', '18:30:00', '19:30:00', 'kosong'),
(741, 4, '2025-11-23', '19:30:00', '20:30:00', 'kosong'),
(742, 4, '2025-11-23', '20:30:00', '21:30:00', 'kosong'),
(743, 4, '2025-11-23', '21:30:00', '22:30:00', 'kosong'),
(744, 4, '2025-11-24', '07:30:00', '08:30:00', 'kosong'),
(745, 4, '2025-11-24', '08:30:00', '09:30:00', 'kosong'),
(746, 4, '2025-11-24', '09:30:00', '10:30:00', 'kosong'),
(747, 4, '2025-11-24', '10:30:00', '11:30:00', 'kosong'),
(748, 4, '2025-11-24', '11:30:00', '12:30:00', 'kosong'),
(749, 4, '2025-11-24', '12:30:00', '13:30:00', 'kosong'),
(750, 4, '2025-11-24', '13:30:00', '14:30:00', 'kosong'),
(751, 4, '2025-11-24', '14:30:00', '15:30:00', 'kosong'),
(752, 4, '2025-11-24', '15:30:00', '16:30:00', 'kosong'),
(753, 4, '2025-11-24', '16:30:00', '17:30:00', 'kosong'),
(754, 4, '2025-11-24', '17:30:00', '18:30:00', 'kosong'),
(755, 4, '2025-11-24', '18:30:00', '19:30:00', 'kosong'),
(756, 4, '2025-11-24', '19:30:00', '20:30:00', 'kosong'),
(757, 4, '2025-11-24', '20:30:00', '21:30:00', 'kosong'),
(758, 4, '2025-11-24', '21:30:00', '22:30:00', 'kosong'),
(759, 4, '2025-11-25', '07:30:00', '08:30:00', 'kosong'),
(760, 4, '2025-11-25', '08:30:00', '09:30:00', 'kosong'),
(761, 4, '2025-11-25', '09:30:00', '10:30:00', 'kosong'),
(762, 4, '2025-11-25', '10:30:00', '11:30:00', 'kosong'),
(763, 4, '2025-11-25', '11:30:00', '12:30:00', 'kosong'),
(764, 4, '2025-11-25', '12:30:00', '13:30:00', 'kosong'),
(765, 4, '2025-11-25', '13:30:00', '14:30:00', 'kosong'),
(766, 4, '2025-11-25', '14:30:00', '15:30:00', 'kosong'),
(767, 4, '2025-11-25', '15:30:00', '16:30:00', 'kosong'),
(768, 4, '2025-11-25', '16:30:00', '17:30:00', 'kosong'),
(769, 4, '2025-11-25', '17:30:00', '18:30:00', 'kosong'),
(770, 4, '2025-11-25', '18:30:00', '19:30:00', 'kosong'),
(771, 4, '2025-11-25', '19:30:00', '20:30:00', 'kosong'),
(772, 4, '2025-11-25', '20:30:00', '21:30:00', 'kosong'),
(773, 4, '2025-11-25', '21:30:00', '22:30:00', 'kosong'),
(774, 4, '2025-11-26', '07:30:00', '08:30:00', 'kosong'),
(775, 4, '2025-11-26', '08:30:00', '09:30:00', 'kosong'),
(776, 4, '2025-11-26', '09:30:00', '10:30:00', 'kosong'),
(777, 4, '2025-11-26', '10:30:00', '11:30:00', 'kosong'),
(778, 4, '2025-11-26', '11:30:00', '12:30:00', 'kosong'),
(779, 4, '2025-11-26', '12:30:00', '13:30:00', 'kosong'),
(780, 4, '2025-11-26', '13:30:00', '14:30:00', 'kosong'),
(781, 4, '2025-11-26', '14:30:00', '15:30:00', 'kosong'),
(782, 4, '2025-11-26', '15:30:00', '16:30:00', 'kosong'),
(783, 4, '2025-11-26', '16:30:00', '17:30:00', 'kosong'),
(784, 4, '2025-11-26', '17:30:00', '18:30:00', 'kosong'),
(785, 4, '2025-11-26', '18:30:00', '19:30:00', 'kosong'),
(786, 4, '2025-11-26', '19:30:00', '20:30:00', 'kosong'),
(787, 4, '2025-11-26', '20:30:00', '21:30:00', 'kosong'),
(788, 4, '2025-11-26', '21:30:00', '22:30:00', 'kosong'),
(789, 4, '2025-11-27', '07:30:00', '08:30:00', 'kosong'),
(790, 4, '2025-11-27', '08:30:00', '09:30:00', 'kosong'),
(791, 4, '2025-11-27', '09:30:00', '10:30:00', 'kosong'),
(792, 4, '2025-11-27', '10:30:00', '11:30:00', 'kosong'),
(793, 4, '2025-11-27', '11:30:00', '12:30:00', 'kosong'),
(794, 4, '2025-11-27', '12:30:00', '13:30:00', 'kosong'),
(795, 4, '2025-11-27', '13:30:00', '14:30:00', 'kosong'),
(796, 4, '2025-11-27', '14:30:00', '15:30:00', 'kosong'),
(797, 4, '2025-11-27', '15:30:00', '16:30:00', 'kosong'),
(798, 4, '2025-11-27', '16:30:00', '17:30:00', 'kosong'),
(799, 4, '2025-11-27', '17:30:00', '18:30:00', 'kosong'),
(800, 4, '2025-11-27', '18:30:00', '19:30:00', 'kosong'),
(801, 4, '2025-11-27', '19:30:00', '20:30:00', 'kosong'),
(802, 4, '2025-11-27', '20:30:00', '21:30:00', 'kosong'),
(803, 4, '2025-11-27', '21:30:00', '22:30:00', 'kosong'),
(804, 4, '2025-11-28', '07:30:00', '08:30:00', 'kosong'),
(805, 4, '2025-11-28', '08:30:00', '09:30:00', 'kosong'),
(806, 4, '2025-11-28', '09:30:00', '10:30:00', 'kosong'),
(807, 4, '2025-11-28', '10:30:00', '11:30:00', 'kosong'),
(808, 4, '2025-11-28', '11:30:00', '12:30:00', 'kosong'),
(809, 4, '2025-11-28', '12:30:00', '13:30:00', 'kosong'),
(810, 4, '2025-11-28', '13:30:00', '14:30:00', 'kosong'),
(811, 4, '2025-11-28', '14:30:00', '15:30:00', 'kosong'),
(812, 4, '2025-11-28', '15:30:00', '16:30:00', 'terisi'),
(813, 4, '2025-11-28', '16:30:00', '17:30:00', 'kosong'),
(814, 4, '2025-11-28', '17:30:00', '18:30:00', 'kosong'),
(815, 4, '2025-11-28', '18:30:00', '19:30:00', 'kosong'),
(816, 4, '2025-11-28', '19:30:00', '20:30:00', 'kosong'),
(817, 4, '2025-11-28', '20:30:00', '21:30:00', 'kosong'),
(818, 4, '2025-11-28', '21:30:00', '22:30:00', 'kosong'),
(819, 4, '2025-11-29', '07:30:00', '08:30:00', 'kosong'),
(820, 4, '2025-11-29', '08:30:00', '09:30:00', 'kosong'),
(821, 4, '2025-11-29', '09:30:00', '10:30:00', 'kosong'),
(822, 4, '2025-11-29', '10:30:00', '11:30:00', 'kosong'),
(823, 4, '2025-11-29', '11:30:00', '12:30:00', 'kosong'),
(824, 4, '2025-11-29', '12:30:00', '13:30:00', 'kosong'),
(825, 4, '2025-11-29', '13:30:00', '14:30:00', 'kosong'),
(826, 4, '2025-11-29', '14:30:00', '15:30:00', 'kosong'),
(827, 4, '2025-11-29', '15:30:00', '16:30:00', 'kosong'),
(828, 4, '2025-11-29', '16:30:00', '17:30:00', 'kosong'),
(829, 4, '2025-11-29', '17:30:00', '18:30:00', 'kosong'),
(830, 4, '2025-11-29', '18:30:00', '19:30:00', 'kosong'),
(831, 4, '2025-11-29', '19:30:00', '20:30:00', 'kosong'),
(832, 4, '2025-11-29', '20:30:00', '21:30:00', 'kosong'),
(833, 4, '2025-11-29', '21:30:00', '22:30:00', 'kosong'),
(835, 4, '2025-11-30', '08:30:00', '09:30:00', 'kosong'),
(836, 4, '2025-11-30', '09:30:00', '10:30:00', 'kosong'),
(837, 4, '2025-11-30', '10:30:00', '11:30:00', 'kosong'),
(838, 4, '2025-11-30', '11:30:00', '12:30:00', 'kosong'),
(839, 4, '2025-11-30', '12:30:00', '13:30:00', 'kosong'),
(840, 4, '2025-11-30', '13:30:00', '14:30:00', 'kosong'),
(841, 4, '2025-11-30', '14:30:00', '15:30:00', 'kosong'),
(842, 4, '2025-11-30', '15:30:00', '16:30:00', 'kosong'),
(843, 4, '2025-11-30', '16:30:00', '17:30:00', 'kosong'),
(844, 4, '2025-11-30', '17:30:00', '18:30:00', 'kosong'),
(845, 4, '2025-11-30', '18:30:00', '19:30:00', 'kosong'),
(846, 4, '2025-11-30', '19:30:00', '20:30:00', 'kosong'),
(847, 4, '2025-11-30', '20:30:00', '21:30:00', 'kosong'),
(848, 4, '2025-11-30', '21:30:00', '22:30:00', 'kosong'),
(849, 3, '2025-11-03', '08:00:00', '09:00:00', 'kosong'),
(850, 3, '2025-11-03', '09:00:00', '10:00:00', 'kosong'),
(851, 3, '2025-11-03', '10:00:00', '11:00:00', 'kosong'),
(852, 3, '2025-11-03', '11:00:00', '12:00:00', 'kosong'),
(853, 3, '2025-11-03', '12:00:00', '13:00:00', 'kosong'),
(854, 3, '2025-11-03', '13:00:00', '14:00:00', 'kosong'),
(855, 3, '2025-11-03', '14:00:00', '15:00:00', 'kosong'),
(856, 3, '2025-11-03', '15:00:00', '16:00:00', 'kosong'),
(857, 3, '2025-11-03', '16:00:00', '17:00:00', 'kosong'),
(858, 3, '2025-11-03', '17:00:00', '18:00:00', 'kosong'),
(859, 3, '2025-11-03', '18:00:00', '19:00:00', 'kosong'),
(860, 3, '2025-11-03', '19:00:00', '20:00:00', 'kosong'),
(861, 3, '2025-11-03', '20:00:00', '21:00:00', 'kosong'),
(862, 3, '2025-11-03', '21:00:00', '22:00:00', 'kosong'),
(863, 3, '2025-11-04', '08:00:00', '09:00:00', 'kosong'),
(864, 3, '2025-11-04', '09:00:00', '10:00:00', 'kosong'),
(865, 3, '2025-11-04', '10:00:00', '11:00:00', 'kosong'),
(866, 3, '2025-11-04', '11:00:00', '12:00:00', 'kosong'),
(867, 3, '2025-11-04', '12:00:00', '13:00:00', 'kosong'),
(868, 3, '2025-11-04', '13:00:00', '14:00:00', 'kosong'),
(869, 3, '2025-11-04', '14:00:00', '15:00:00', 'kosong'),
(870, 3, '2025-11-04', '15:00:00', '16:00:00', 'kosong'),
(871, 3, '2025-11-04', '16:00:00', '17:00:00', 'kosong'),
(872, 3, '2025-11-04', '17:00:00', '18:00:00', 'kosong'),
(873, 3, '2025-11-04', '18:00:00', '19:00:00', 'kosong'),
(874, 3, '2025-11-04', '19:00:00', '20:00:00', 'kosong'),
(875, 3, '2025-11-04', '20:00:00', '21:00:00', 'kosong'),
(876, 3, '2025-11-04', '21:00:00', '22:00:00', 'kosong'),
(877, 3, '2025-11-05', '08:00:00', '09:00:00', 'kosong'),
(878, 3, '2025-11-05', '09:00:00', '10:00:00', 'kosong'),
(879, 3, '2025-11-05', '10:00:00', '11:00:00', 'kosong'),
(880, 3, '2025-11-05', '11:00:00', '12:00:00', 'kosong'),
(881, 3, '2025-11-05', '12:00:00', '13:00:00', 'kosong'),
(882, 3, '2025-11-05', '13:00:00', '14:00:00', 'kosong'),
(883, 3, '2025-11-05', '14:00:00', '15:00:00', 'kosong'),
(884, 3, '2025-11-05', '15:00:00', '16:00:00', 'kosong'),
(885, 3, '2025-11-05', '16:00:00', '17:00:00', 'kosong'),
(886, 3, '2025-11-05', '17:00:00', '18:00:00', 'kosong'),
(887, 3, '2025-11-05', '18:00:00', '19:00:00', 'kosong'),
(888, 3, '2025-11-05', '19:00:00', '20:00:00', 'kosong'),
(889, 3, '2025-11-05', '20:00:00', '21:00:00', 'kosong'),
(890, 3, '2025-11-05', '21:00:00', '22:00:00', 'kosong'),
(891, 3, '2025-11-06', '08:00:00', '09:00:00', 'terisi'),
(892, 3, '2025-11-06', '09:00:00', '10:00:00', 'terisi'),
(893, 3, '2025-11-06', '10:00:00', '11:00:00', 'terisi'),
(894, 3, '2025-11-06', '11:00:00', '12:00:00', 'terisi'),
(895, 3, '2025-11-06', '12:00:00', '13:00:00', 'kosong'),
(896, 3, '2025-11-06', '13:00:00', '14:00:00', 'kosong'),
(897, 3, '2025-11-06', '14:00:00', '15:00:00', 'kosong'),
(898, 3, '2025-11-06', '15:00:00', '16:00:00', 'kosong'),
(899, 3, '2025-11-06', '16:00:00', '17:00:00', 'kosong'),
(900, 3, '2025-11-06', '17:00:00', '18:00:00', 'terisi'),
(901, 3, '2025-11-06', '18:00:00', '19:00:00', 'terisi'),
(902, 3, '2025-11-06', '19:00:00', '20:00:00', 'kosong'),
(903, 3, '2025-11-06', '20:00:00', '21:00:00', 'kosong'),
(904, 3, '2025-11-06', '21:00:00', '22:00:00', 'terisi'),
(905, 3, '2025-11-07', '08:00:00', '09:00:00', 'terisi'),
(906, 3, '2025-11-07', '09:00:00', '10:00:00', 'terisi');
INSERT INTO `jadwal` (`id_jadwal`, `id_arena`, `tanggal`, `jam_mulai`, `jam_selesai`, `status_slot`) VALUES
(907, 3, '2025-11-07', '10:00:00', '11:00:00', 'terisi'),
(908, 3, '2025-11-07', '11:00:00', '12:00:00', 'terisi'),
(909, 3, '2025-11-07', '12:00:00', '13:00:00', 'terisi'),
(910, 3, '2025-11-07', '13:00:00', '14:00:00', 'terisi'),
(911, 3, '2025-11-07', '14:00:00', '15:00:00', 'kosong'),
(912, 3, '2025-11-07', '15:00:00', '16:00:00', 'kosong'),
(913, 3, '2025-11-07', '16:00:00', '17:00:00', 'kosong'),
(914, 3, '2025-11-07', '17:00:00', '18:00:00', 'kosong'),
(915, 3, '2025-11-07', '18:00:00', '19:00:00', 'kosong'),
(916, 3, '2025-11-07', '19:00:00', '20:00:00', 'kosong'),
(917, 3, '2025-11-07', '20:00:00', '21:00:00', 'kosong'),
(918, 3, '2025-11-07', '21:00:00', '22:00:00', 'kosong'),
(919, 3, '2025-11-08', '08:00:00', '09:00:00', 'kosong'),
(920, 3, '2025-11-08', '09:00:00', '10:00:00', 'kosong'),
(921, 3, '2025-11-08', '10:00:00', '11:00:00', 'kosong'),
(922, 3, '2025-11-08', '11:00:00', '12:00:00', 'kosong'),
(923, 3, '2025-11-08', '12:00:00', '13:00:00', 'kosong'),
(924, 3, '2025-11-08', '13:00:00', '14:00:00', 'kosong'),
(925, 3, '2025-11-08', '14:00:00', '15:00:00', 'kosong'),
(926, 3, '2025-11-08', '15:00:00', '16:00:00', 'kosong'),
(927, 3, '2025-11-08', '16:00:00', '17:00:00', 'kosong'),
(928, 3, '2025-11-08', '17:00:00', '18:00:00', 'kosong'),
(929, 3, '2025-11-08', '18:00:00', '19:00:00', 'kosong'),
(930, 3, '2025-11-08', '19:00:00', '20:00:00', 'kosong'),
(931, 3, '2025-11-08', '20:00:00', '21:00:00', 'kosong'),
(932, 3, '2025-11-08', '21:00:00', '22:00:00', 'kosong'),
(933, 3, '2025-11-09', '08:00:00', '09:00:00', 'kosong'),
(934, 3, '2025-11-09', '09:00:00', '10:00:00', 'kosong'),
(935, 3, '2025-11-09', '10:00:00', '11:00:00', 'kosong'),
(936, 3, '2025-11-09', '11:00:00', '12:00:00', 'kosong'),
(937, 3, '2025-11-09', '12:00:00', '13:00:00', 'kosong'),
(938, 3, '2025-11-09', '13:00:00', '14:00:00', 'kosong'),
(939, 3, '2025-11-09', '14:00:00', '15:00:00', 'kosong'),
(940, 3, '2025-11-09', '15:00:00', '16:00:00', 'kosong'),
(941, 3, '2025-11-09', '16:00:00', '17:00:00', 'kosong'),
(942, 3, '2025-11-09', '17:00:00', '18:00:00', 'kosong'),
(943, 3, '2025-11-09', '18:00:00', '19:00:00', 'kosong'),
(944, 3, '2025-11-09', '19:00:00', '20:00:00', 'kosong'),
(945, 3, '2025-11-09', '20:00:00', '21:00:00', 'kosong'),
(946, 3, '2025-11-09', '21:00:00', '22:00:00', 'kosong'),
(947, 3, '2025-11-10', '08:00:00', '09:00:00', 'kosong'),
(948, 3, '2025-11-10', '09:00:00', '10:00:00', 'kosong'),
(949, 3, '2025-11-10', '10:00:00', '11:00:00', 'kosong'),
(950, 3, '2025-11-10', '11:00:00', '12:00:00', 'kosong'),
(951, 3, '2025-11-10', '12:00:00', '13:00:00', 'kosong'),
(952, 3, '2025-11-10', '13:00:00', '14:00:00', 'kosong'),
(953, 3, '2025-11-10', '14:00:00', '15:00:00', 'kosong'),
(954, 3, '2025-11-10', '15:00:00', '16:00:00', 'kosong'),
(955, 3, '2025-11-10', '16:00:00', '17:00:00', 'kosong'),
(956, 3, '2025-11-10', '17:00:00', '18:00:00', 'kosong'),
(957, 3, '2025-11-10', '18:00:00', '19:00:00', 'kosong'),
(958, 3, '2025-11-10', '19:00:00', '20:00:00', 'kosong'),
(959, 3, '2025-11-10', '20:00:00', '21:00:00', 'kosong'),
(960, 3, '2025-11-10', '21:00:00', '22:00:00', 'kosong'),
(961, 3, '2025-11-11', '08:00:00', '09:00:00', 'kosong'),
(962, 3, '2025-11-11', '09:00:00', '10:00:00', 'kosong'),
(963, 3, '2025-11-11', '10:00:00', '11:00:00', 'kosong'),
(964, 3, '2025-11-11', '11:00:00', '12:00:00', 'kosong'),
(965, 3, '2025-11-11', '12:00:00', '13:00:00', 'kosong'),
(966, 3, '2025-11-11', '13:00:00', '14:00:00', 'kosong'),
(967, 3, '2025-11-11', '14:00:00', '15:00:00', 'kosong'),
(968, 3, '2025-11-11', '15:00:00', '16:00:00', 'kosong'),
(969, 3, '2025-11-11', '16:00:00', '17:00:00', 'kosong'),
(970, 3, '2025-11-11', '17:00:00', '18:00:00', 'kosong'),
(971, 3, '2025-11-11', '18:00:00', '19:00:00', 'kosong'),
(972, 3, '2025-11-11', '19:00:00', '20:00:00', 'kosong'),
(973, 3, '2025-11-11', '20:00:00', '21:00:00', 'kosong'),
(974, 3, '2025-11-11', '21:00:00', '22:00:00', 'kosong'),
(975, 3, '2025-11-12', '08:00:00', '09:00:00', 'kosong'),
(976, 3, '2025-11-12', '09:00:00', '10:00:00', 'kosong'),
(977, 3, '2025-11-12', '10:00:00', '11:00:00', 'kosong'),
(978, 3, '2025-11-12', '11:00:00', '12:00:00', 'kosong'),
(979, 3, '2025-11-12', '12:00:00', '13:00:00', 'kosong'),
(980, 3, '2025-11-12', '13:00:00', '14:00:00', 'kosong'),
(981, 3, '2025-11-12', '14:00:00', '15:00:00', 'kosong'),
(982, 3, '2025-11-12', '15:00:00', '16:00:00', 'kosong'),
(983, 3, '2025-11-12', '16:00:00', '17:00:00', 'kosong'),
(984, 3, '2025-11-12', '17:00:00', '18:00:00', 'kosong'),
(985, 3, '2025-11-12', '18:00:00', '19:00:00', 'kosong'),
(986, 3, '2025-11-12', '19:00:00', '20:00:00', 'kosong'),
(987, 3, '2025-11-12', '20:00:00', '21:00:00', 'kosong'),
(988, 3, '2025-11-12', '21:00:00', '22:00:00', 'kosong'),
(989, 3, '2025-11-13', '08:00:00', '09:00:00', 'terisi'),
(990, 3, '2025-11-13', '09:00:00', '10:00:00', 'terisi'),
(991, 3, '2025-11-13', '10:00:00', '11:00:00', 'kosong'),
(992, 3, '2025-11-13', '11:00:00', '12:00:00', 'kosong'),
(993, 3, '2025-11-13', '12:00:00', '13:00:00', 'kosong'),
(994, 3, '2025-11-13', '13:00:00', '14:00:00', 'kosong'),
(995, 3, '2025-11-13', '14:00:00', '15:00:00', 'kosong'),
(996, 3, '2025-11-13', '15:00:00', '16:00:00', 'kosong'),
(997, 3, '2025-11-13', '16:00:00', '17:00:00', 'kosong'),
(998, 3, '2025-11-13', '17:00:00', '18:00:00', 'kosong'),
(999, 3, '2025-11-13', '18:00:00', '19:00:00', 'kosong'),
(1000, 3, '2025-11-13', '19:00:00', '20:00:00', 'kosong'),
(1001, 3, '2025-11-13', '20:00:00', '21:00:00', 'kosong'),
(1002, 3, '2025-11-13', '21:00:00', '22:00:00', 'terisi'),
(1003, 3, '2025-11-14', '08:00:00', '09:00:00', 'kosong'),
(1004, 3, '2025-11-14', '09:00:00', '10:00:00', 'kosong'),
(1005, 3, '2025-11-14', '10:00:00', '11:00:00', 'kosong'),
(1006, 3, '2025-11-14', '11:00:00', '12:00:00', 'menunggu'),
(1007, 3, '2025-11-14', '12:00:00', '13:00:00', 'menunggu'),
(1008, 3, '2025-11-14', '13:00:00', '14:00:00', 'kosong'),
(1009, 3, '2025-11-14', '14:00:00', '15:00:00', 'kosong'),
(1010, 3, '2025-11-14', '15:00:00', '16:00:00', 'kosong'),
(1011, 3, '2025-11-14', '16:00:00', '17:00:00', 'kosong'),
(1012, 3, '2025-11-14', '17:00:00', '18:00:00', 'kosong'),
(1013, 3, '2025-11-14', '18:00:00', '19:00:00', 'kosong'),
(1014, 3, '2025-11-14', '19:00:00', '20:00:00', 'kosong'),
(1015, 3, '2025-11-14', '20:00:00', '21:00:00', 'kosong'),
(1016, 3, '2025-11-14', '21:00:00', '22:00:00', 'kosong'),
(1017, 3, '2025-11-15', '08:00:00', '09:00:00', 'kosong'),
(1018, 3, '2025-11-15', '09:00:00', '10:00:00', 'kosong'),
(1019, 3, '2025-11-15', '10:00:00', '11:00:00', 'terisi'),
(1020, 3, '2025-11-15', '11:00:00', '12:00:00', 'kosong'),
(1021, 3, '2025-11-15', '12:00:00', '13:00:00', 'kosong'),
(1022, 3, '2025-11-15', '13:00:00', '14:00:00', 'kosong'),
(1023, 3, '2025-11-15', '14:00:00', '15:00:00', 'kosong'),
(1024, 3, '2025-11-15', '15:00:00', '16:00:00', 'kosong'),
(1025, 3, '2025-11-15', '16:00:00', '17:00:00', 'kosong'),
(1026, 3, '2025-11-15', '17:00:00', '18:00:00', 'kosong'),
(1027, 3, '2025-11-15', '18:00:00', '19:00:00', 'kosong'),
(1028, 3, '2025-11-15', '19:00:00', '20:00:00', 'kosong'),
(1029, 3, '2025-11-15', '20:00:00', '21:00:00', 'terisi'),
(1030, 3, '2025-11-15', '21:00:00', '22:00:00', 'kosong'),
(1031, 3, '2025-11-16', '08:00:00', '09:00:00', 'terisi'),
(1032, 3, '2025-11-16', '09:00:00', '10:00:00', 'kosong'),
(1033, 3, '2025-11-16', '10:00:00', '11:00:00', 'kosong'),
(1034, 3, '2025-11-16', '11:00:00', '12:00:00', 'kosong'),
(1035, 3, '2025-11-16', '12:00:00', '13:00:00', 'kosong'),
(1036, 3, '2025-11-16', '13:00:00', '14:00:00', 'kosong'),
(1037, 3, '2025-11-16', '14:00:00', '15:00:00', 'kosong'),
(1038, 3, '2025-11-16', '15:00:00', '16:00:00', 'kosong'),
(1039, 3, '2025-11-16', '16:00:00', '17:00:00', 'kosong'),
(1040, 3, '2025-11-16', '17:00:00', '18:00:00', 'kosong'),
(1041, 3, '2025-11-16', '18:00:00', '19:00:00', 'kosong'),
(1042, 3, '2025-11-16', '19:00:00', '20:00:00', 'kosong'),
(1043, 3, '2025-11-16', '20:00:00', '21:00:00', 'kosong'),
(1044, 3, '2025-11-16', '21:00:00', '22:00:00', 'kosong'),
(1045, 3, '2025-11-17', '08:00:00', '09:00:00', 'kosong'),
(1046, 3, '2025-11-17', '09:00:00', '10:00:00', 'kosong'),
(1047, 3, '2025-11-17', '10:00:00', '11:00:00', 'kosong'),
(1048, 3, '2025-11-17', '11:00:00', '12:00:00', 'kosong'),
(1049, 3, '2025-11-17', '12:00:00', '13:00:00', 'kosong'),
(1050, 3, '2025-11-17', '13:00:00', '14:00:00', 'kosong'),
(1051, 3, '2025-11-17', '14:00:00', '15:00:00', 'kosong'),
(1052, 3, '2025-11-17', '15:00:00', '16:00:00', 'kosong'),
(1053, 3, '2025-11-17', '16:00:00', '17:00:00', 'kosong'),
(1054, 3, '2025-11-17', '17:00:00', '18:00:00', 'kosong'),
(1055, 3, '2025-11-17', '18:00:00', '19:00:00', 'kosong'),
(1056, 3, '2025-11-17', '19:00:00', '20:00:00', 'kosong'),
(1057, 3, '2025-11-17', '20:00:00', '21:00:00', 'kosong'),
(1058, 3, '2025-11-17', '21:00:00', '22:00:00', 'kosong'),
(1059, 3, '2025-11-18', '08:00:00', '09:00:00', 'kosong'),
(1060, 3, '2025-11-18', '09:00:00', '10:00:00', 'kosong'),
(1061, 3, '2025-11-18', '10:00:00', '11:00:00', 'kosong'),
(1062, 3, '2025-11-18', '11:00:00', '12:00:00', 'kosong'),
(1063, 3, '2025-11-18', '12:00:00', '13:00:00', 'kosong'),
(1064, 3, '2025-11-18', '13:00:00', '14:00:00', 'kosong'),
(1065, 3, '2025-11-18', '14:00:00', '15:00:00', 'kosong'),
(1066, 3, '2025-11-18', '15:00:00', '16:00:00', 'kosong'),
(1067, 3, '2025-11-18', '16:00:00', '17:00:00', 'kosong'),
(1068, 3, '2025-11-18', '17:00:00', '18:00:00', 'kosong'),
(1069, 3, '2025-11-18', '18:00:00', '19:00:00', 'kosong'),
(1070, 3, '2025-11-18', '19:00:00', '20:00:00', 'kosong'),
(1071, 3, '2025-11-18', '20:00:00', '21:00:00', 'terisi'),
(1072, 3, '2025-11-18', '21:00:00', '22:00:00', 'kosong'),
(1073, 3, '2025-11-19', '08:00:00', '09:00:00', 'kosong'),
(1074, 3, '2025-11-19', '09:00:00', '10:00:00', 'kosong'),
(1075, 3, '2025-11-19', '10:00:00', '11:00:00', 'kosong'),
(1076, 3, '2025-11-19', '11:00:00', '12:00:00', 'kosong'),
(1077, 3, '2025-11-19', '12:00:00', '13:00:00', 'kosong'),
(1078, 3, '2025-11-19', '13:00:00', '14:00:00', 'kosong'),
(1079, 3, '2025-11-19', '14:00:00', '15:00:00', 'kosong'),
(1080, 3, '2025-11-19', '15:00:00', '16:00:00', 'kosong'),
(1081, 3, '2025-11-19', '16:00:00', '17:00:00', 'kosong'),
(1082, 3, '2025-11-19', '17:00:00', '18:00:00', 'kosong'),
(1083, 3, '2025-11-19', '18:00:00', '19:00:00', 'kosong'),
(1084, 3, '2025-11-19', '19:00:00', '20:00:00', 'kosong'),
(1085, 3, '2025-11-19', '20:00:00', '21:00:00', 'kosong'),
(1086, 3, '2025-11-19', '21:00:00', '22:00:00', 'kosong'),
(1087, 3, '2025-11-20', '08:00:00', '09:00:00', 'kosong'),
(1088, 3, '2025-11-19', '09:00:00', '10:00:00', 'kosong'),
(1089, 3, '2025-11-20', '10:00:00', '11:00:00', 'terisi'),
(1090, 3, '2025-11-20', '11:00:00', '12:00:00', 'terisi'),
(1091, 3, '2025-11-20', '12:00:00', '13:00:00', 'terisi'),
(1092, 3, '2025-11-20', '13:00:00', '14:00:00', 'terisi'),
(1093, 3, '2025-11-20', '14:00:00', '15:00:00', 'kosong'),
(1094, 3, '2025-11-20', '15:00:00', '16:00:00', 'kosong'),
(1095, 3, '2025-11-20', '16:00:00', '17:00:00', 'kosong'),
(1096, 3, '2025-11-20', '17:00:00', '18:00:00', 'kosong'),
(1097, 3, '2025-11-20', '18:00:00', '19:00:00', 'kosong'),
(1098, 3, '2025-11-20', '19:00:00', '20:00:00', 'kosong'),
(1099, 3, '2025-11-20', '20:00:00', '21:00:00', 'kosong'),
(1100, 3, '2025-11-20', '21:00:00', '22:00:00', 'kosong'),
(1101, 3, '2025-11-21', '08:00:00', '09:00:00', 'terisi'),
(1102, 3, '2025-11-21', '09:00:00', '10:00:00', 'terisi'),
(1103, 3, '2025-11-21', '10:00:00', '11:00:00', 'kosong'),
(1104, 3, '2025-11-21', '11:00:00', '12:00:00', 'kosong'),
(1105, 3, '2025-11-21', '12:00:00', '13:00:00', 'kosong'),
(1106, 3, '2025-11-21', '13:00:00', '14:00:00', 'kosong'),
(1107, 3, '2025-11-21', '14:00:00', '15:00:00', 'kosong'),
(1108, 3, '2025-11-21', '15:00:00', '16:00:00', 'kosong'),
(1109, 3, '2025-11-21', '16:00:00', '17:00:00', 'kosong'),
(1110, 3, '2025-11-21', '17:00:00', '18:00:00', 'kosong'),
(1111, 3, '2025-11-21', '18:00:00', '19:00:00', 'kosong'),
(1112, 3, '2025-11-21', '19:00:00', '20:00:00', 'kosong'),
(1113, 3, '2025-11-21', '20:00:00', '21:00:00', 'kosong'),
(1114, 3, '2025-11-21', '21:00:00', '22:00:00', 'kosong'),
(1115, 3, '2025-11-22', '08:00:00', '09:00:00', 'kosong'),
(1116, 3, '2025-11-22', '09:00:00', '10:00:00', 'kosong'),
(1117, 3, '2025-11-22', '10:00:00', '11:00:00', 'kosong'),
(1118, 3, '2025-11-22', '11:00:00', '12:00:00', 'kosong'),
(1119, 3, '2025-11-22', '12:00:00', '13:00:00', 'kosong'),
(1120, 3, '2025-11-22', '13:00:00', '14:00:00', 'kosong'),
(1121, 3, '2025-11-22', '14:00:00', '15:00:00', 'kosong'),
(1122, 3, '2025-11-22', '15:00:00', '16:00:00', 'kosong'),
(1123, 3, '2025-11-22', '16:00:00', '17:00:00', 'kosong'),
(1124, 3, '2025-11-22', '17:00:00', '18:00:00', 'kosong'),
(1125, 3, '2025-11-22', '18:00:00', '19:00:00', 'kosong'),
(1126, 3, '2025-11-22', '19:00:00', '20:00:00', 'kosong'),
(1127, 3, '2025-11-22', '20:00:00', '21:00:00', 'kosong'),
(1128, 3, '2025-11-22', '21:00:00', '22:00:00', 'kosong'),
(1129, 3, '2025-11-23', '08:00:00', '09:00:00', 'kosong'),
(1130, 3, '2025-11-23', '09:00:00', '10:00:00', 'kosong'),
(1131, 3, '2025-11-23', '10:00:00', '11:00:00', 'kosong'),
(1132, 3, '2025-11-23', '11:00:00', '12:00:00', 'kosong'),
(1133, 3, '2025-11-23', '12:00:00', '13:00:00', 'kosong'),
(1134, 3, '2025-11-23', '13:00:00', '14:00:00', 'kosong'),
(1135, 3, '2025-11-23', '14:00:00', '15:00:00', 'kosong'),
(1136, 3, '2025-11-23', '15:00:00', '16:00:00', 'kosong'),
(1137, 3, '2025-11-23', '16:00:00', '17:00:00', 'kosong'),
(1138, 3, '2025-11-23', '17:00:00', '18:00:00', 'kosong'),
(1139, 3, '2025-11-23', '18:00:00', '19:00:00', 'kosong'),
(1140, 3, '2025-11-23', '19:00:00', '20:00:00', 'kosong'),
(1141, 3, '2025-11-23', '20:00:00', '21:00:00', 'kosong'),
(1142, 3, '2025-11-23', '21:00:00', '22:00:00', 'kosong'),
(1143, 3, '2025-11-24', '08:00:00', '09:00:00', 'kosong'),
(1144, 3, '2025-11-24', '09:00:00', '10:00:00', 'kosong'),
(1145, 3, '2025-11-24', '10:00:00', '11:00:00', 'kosong'),
(1146, 3, '2025-11-24', '11:00:00', '12:00:00', 'kosong'),
(1147, 3, '2025-11-24', '12:00:00', '13:00:00', 'kosong'),
(1148, 3, '2025-11-24', '13:00:00', '14:00:00', 'kosong'),
(1149, 3, '2025-11-24', '14:00:00', '15:00:00', 'kosong'),
(1150, 3, '2025-11-24', '15:00:00', '16:00:00', 'kosong'),
(1151, 3, '2025-11-24', '16:00:00', '17:00:00', 'kosong'),
(1152, 3, '2025-11-24', '17:00:00', '18:00:00', 'kosong'),
(1153, 3, '2025-11-24', '18:00:00', '19:00:00', 'kosong'),
(1154, 3, '2025-11-24', '19:00:00', '20:00:00', 'kosong'),
(1155, 3, '2025-11-24', '20:00:00', '21:00:00', 'kosong'),
(1156, 3, '2025-11-24', '21:00:00', '22:00:00', 'kosong'),
(1157, 3, '2025-11-25', '08:00:00', '09:00:00', 'kosong'),
(1158, 3, '2025-11-25', '09:00:00', '10:00:00', 'kosong'),
(1159, 3, '2025-11-25', '10:00:00', '11:00:00', 'kosong'),
(1160, 3, '2025-11-25', '11:00:00', '12:00:00', 'kosong'),
(1161, 3, '2025-11-25', '12:00:00', '13:00:00', 'kosong'),
(1162, 3, '2025-11-25', '13:00:00', '14:00:00', 'kosong'),
(1163, 3, '2025-11-25', '14:00:00', '15:00:00', 'kosong'),
(1164, 3, '2025-11-25', '15:00:00', '16:00:00', 'kosong'),
(1165, 3, '2025-11-25', '16:00:00', '17:00:00', 'kosong'),
(1166, 3, '2025-11-25', '17:00:00', '18:00:00', 'kosong'),
(1167, 3, '2025-11-25', '18:00:00', '19:00:00', 'kosong'),
(1168, 3, '2025-11-25', '19:00:00', '20:00:00', 'kosong'),
(1169, 3, '2025-11-25', '20:00:00', '21:00:00', 'kosong'),
(1170, 3, '2025-11-25', '21:00:00', '22:00:00', 'kosong'),
(1171, 3, '2025-11-26', '08:00:00', '09:00:00', 'kosong'),
(1172, 3, '2025-11-26', '09:00:00', '10:00:00', 'kosong'),
(1173, 3, '2025-11-26', '10:00:00', '11:00:00', 'kosong'),
(1174, 3, '2025-11-26', '11:00:00', '12:00:00', 'kosong'),
(1175, 3, '2025-11-26', '12:00:00', '13:00:00', 'kosong'),
(1176, 3, '2025-11-26', '13:00:00', '14:00:00', 'kosong'),
(1177, 3, '2025-11-26', '14:00:00', '15:00:00', 'kosong'),
(1178, 3, '2025-11-26', '15:00:00', '16:00:00', 'kosong'),
(1179, 3, '2025-11-26', '16:00:00', '17:00:00', 'kosong'),
(1180, 3, '2025-11-26', '17:00:00', '18:00:00', 'kosong'),
(1181, 3, '2025-11-26', '18:00:00', '19:00:00', 'kosong'),
(1182, 3, '2025-11-26', '19:00:00', '20:00:00', 'kosong'),
(1183, 3, '2025-11-26', '20:00:00', '21:00:00', 'kosong'),
(1184, 3, '2025-11-26', '21:00:00', '22:00:00', 'kosong'),
(1185, 3, '2025-11-27', '08:00:00', '09:00:00', 'kosong'),
(1186, 3, '2025-11-27', '09:00:00', '10:00:00', 'kosong'),
(1187, 3, '2025-11-27', '10:00:00', '11:00:00', 'kosong'),
(1188, 3, '2025-11-27', '11:00:00', '12:00:00', 'kosong'),
(1189, 3, '2025-11-27', '12:00:00', '13:00:00', 'kosong'),
(1190, 3, '2025-11-27', '13:00:00', '14:00:00', 'kosong'),
(1191, 3, '2025-11-27', '14:00:00', '15:00:00', 'kosong'),
(1192, 3, '2025-11-27', '15:00:00', '16:00:00', 'kosong'),
(1193, 3, '2025-11-27', '16:00:00', '17:00:00', 'kosong'),
(1194, 3, '2025-11-27', '17:00:00', '18:00:00', 'kosong'),
(1195, 3, '2025-11-27', '18:00:00', '19:00:00', 'kosong'),
(1196, 3, '2025-11-27', '19:00:00', '20:00:00', 'kosong'),
(1197, 3, '2025-11-27', '20:00:00', '21:00:00', 'kosong'),
(1198, 3, '2025-11-27', '21:00:00', '22:00:00', 'kosong'),
(1199, 3, '2025-11-28', '08:00:00', '09:00:00', 'kosong'),
(1200, 3, '2025-11-28', '09:00:00', '10:00:00', 'kosong'),
(1201, 3, '2025-11-28', '10:00:00', '11:00:00', 'kosong'),
(1202, 3, '2025-11-28', '11:00:00', '12:00:00', 'kosong'),
(1203, 3, '2025-11-28', '12:00:00', '13:00:00', 'kosong'),
(1204, 3, '2025-11-28', '13:00:00', '14:00:00', 'kosong'),
(1205, 3, '2025-11-28', '14:00:00', '15:00:00', 'kosong'),
(1206, 3, '2025-11-28', '15:00:00', '16:00:00', 'kosong'),
(1207, 3, '2025-11-28', '16:00:00', '17:00:00', 'kosong'),
(1208, 3, '2025-11-28', '17:00:00', '18:00:00', 'kosong'),
(1209, 3, '2025-11-28', '18:00:00', '19:00:00', 'kosong'),
(1210, 3, '2025-11-28', '19:00:00', '20:00:00', 'kosong'),
(1211, 3, '2025-11-28', '20:00:00', '21:00:00', 'kosong'),
(1212, 3, '2025-11-28', '21:00:00', '22:00:00', 'kosong'),
(1213, 3, '2025-11-29', '08:00:00', '09:00:00', 'kosong'),
(1214, 3, '2025-11-29', '09:00:00', '10:00:00', 'kosong'),
(1215, 3, '2025-11-29', '10:00:00', '11:00:00', 'kosong'),
(1216, 3, '2025-11-29', '11:00:00', '12:00:00', 'kosong'),
(1217, 3, '2025-11-29', '12:00:00', '13:00:00', 'kosong'),
(1218, 3, '2025-11-29', '13:00:00', '14:00:00', 'kosong'),
(1219, 3, '2025-11-29', '14:00:00', '15:00:00', 'kosong'),
(1220, 3, '2025-11-29', '15:00:00', '16:00:00', 'kosong'),
(1221, 3, '2025-11-29', '16:00:00', '17:00:00', 'kosong'),
(1222, 3, '2025-11-29', '17:00:00', '18:00:00', 'kosong'),
(1223, 3, '2025-11-29', '18:00:00', '19:00:00', 'kosong'),
(1224, 3, '2025-11-29', '19:00:00', '20:00:00', 'kosong'),
(1225, 3, '2025-11-29', '20:00:00', '21:00:00', 'kosong'),
(1226, 3, '2025-11-29', '21:00:00', '22:00:00', 'kosong'),
(1228, 3, '2025-11-30', '09:00:00', '10:00:00', 'kosong'),
(1229, 3, '2025-11-30', '10:00:00', '11:00:00', 'kosong'),
(1230, 3, '2025-11-30', '11:00:00', '12:00:00', 'kosong'),
(1231, 3, '2025-11-30', '12:00:00', '13:00:00', 'kosong'),
(1232, 3, '2025-11-30', '13:00:00', '14:00:00', 'kosong'),
(1233, 3, '2025-11-30', '14:00:00', '15:00:00', 'kosong'),
(1234, 3, '2025-11-30', '15:00:00', '16:00:00', 'kosong'),
(1235, 3, '2025-11-30', '16:00:00', '17:00:00', 'kosong'),
(1236, 3, '2025-11-30', '17:00:00', '18:00:00', 'kosong'),
(1237, 3, '2025-11-30', '18:00:00', '19:00:00', 'kosong'),
(1238, 3, '2025-11-30', '19:00:00', '20:00:00', 'kosong'),
(1239, 3, '2025-11-30', '20:00:00', '21:00:00', 'kosong'),
(1240, 3, '2025-11-30', '21:00:00', '22:00:00', 'kosong'),
(1241, 6, '2025-11-13', '07:00:00', '08:00:00', 'kosong'),
(1242, 6, '2025-11-13', '08:00:00', '09:00:00', 'kosong'),
(1243, 6, '2025-11-13', '09:00:00', '10:00:00', 'kosong'),
(1244, 6, '2025-11-13', '10:00:00', '11:00:00', 'kosong'),
(1245, 6, '2025-11-13', '11:00:00', '12:00:00', 'kosong'),
(1246, 6, '2025-11-13', '12:00:00', '13:00:00', 'kosong'),
(1247, 6, '2025-11-13', '13:00:00', '14:00:00', 'kosong'),
(1248, 6, '2025-11-13', '14:00:00', '15:00:00', 'kosong'),
(1249, 6, '2025-11-13', '15:00:00', '16:00:00', 'kosong'),
(1250, 6, '2025-11-13', '16:00:00', '17:00:00', 'kosong'),
(1251, 6, '2025-11-13', '17:00:00', '18:00:00', 'kosong'),
(1252, 6, '2025-11-13', '18:00:00', '19:00:00', 'kosong'),
(1253, 6, '2025-11-13', '19:00:00', '20:00:00', 'kosong'),
(1254, 6, '2025-11-13', '20:00:00', '21:00:00', 'kosong'),
(1255, 6, '2025-11-13', '21:00:00', '22:00:00', 'kosong'),
(1256, 6, '2025-11-14', '07:00:00', '08:00:00', 'kosong'),
(1257, 6, '2025-11-14', '08:00:00', '09:00:00', 'kosong'),
(1258, 6, '2025-11-14', '09:00:00', '10:00:00', 'kosong'),
(1259, 6, '2025-11-14', '10:00:00', '11:00:00', 'kosong'),
(1260, 6, '2025-11-14', '11:00:00', '12:00:00', 'kosong'),
(1261, 6, '2025-11-14', '12:00:00', '13:00:00', 'kosong'),
(1262, 6, '2025-11-14', '13:00:00', '14:00:00', 'kosong'),
(1263, 6, '2025-11-14', '14:00:00', '15:00:00', 'kosong'),
(1264, 6, '2025-11-14', '15:00:00', '16:00:00', 'kosong'),
(1265, 6, '2025-11-14', '16:00:00', '17:00:00', 'kosong'),
(1266, 6, '2025-11-14', '17:00:00', '18:00:00', 'kosong'),
(1267, 6, '2025-11-14', '18:00:00', '19:00:00', 'kosong'),
(1268, 6, '2025-11-14', '19:00:00', '20:00:00', 'kosong'),
(1269, 6, '2025-11-14', '20:00:00', '21:00:00', 'kosong'),
(1270, 6, '2025-11-14', '21:00:00', '22:00:00', 'kosong'),
(1271, 6, '2025-11-15', '07:00:00', '08:00:00', 'kosong'),
(1272, 6, '2025-11-15', '08:00:00', '09:00:00', 'kosong'),
(1273, 6, '2025-11-15', '09:00:00', '10:00:00', 'kosong'),
(1274, 6, '2025-11-15', '10:00:00', '11:00:00', 'kosong'),
(1275, 6, '2025-11-15', '11:00:00', '12:00:00', 'kosong'),
(1276, 6, '2025-11-15', '12:00:00', '13:00:00', 'kosong'),
(1277, 6, '2025-11-15', '13:00:00', '14:00:00', 'kosong'),
(1278, 6, '2025-11-15', '14:00:00', '15:00:00', 'kosong'),
(1279, 6, '2025-11-15', '15:00:00', '16:00:00', 'kosong'),
(1280, 6, '2025-11-15', '16:00:00', '17:00:00', 'kosong'),
(1281, 6, '2025-11-15', '17:00:00', '18:00:00', 'kosong'),
(1282, 6, '2025-11-15', '18:00:00', '19:00:00', 'kosong'),
(1283, 6, '2025-11-15', '19:00:00', '20:00:00', 'kosong'),
(1284, 6, '2025-11-15', '20:00:00', '21:00:00', 'kosong'),
(1285, 6, '2025-11-15', '21:00:00', '22:00:00', 'kosong'),
(1286, 6, '2025-11-16', '07:00:00', '08:00:00', 'kosong'),
(1287, 6, '2025-11-16', '08:00:00', '09:00:00', 'kosong'),
(1288, 6, '2025-11-16', '09:00:00', '10:00:00', 'kosong'),
(1289, 6, '2025-11-16', '10:00:00', '11:00:00', 'kosong'),
(1290, 6, '2025-11-16', '11:00:00', '12:00:00', 'kosong'),
(1291, 6, '2025-11-16', '12:00:00', '13:00:00', 'kosong'),
(1292, 6, '2025-11-16', '13:00:00', '14:00:00', 'kosong'),
(1293, 6, '2025-11-16', '14:00:00', '15:00:00', 'kosong'),
(1294, 6, '2025-11-16', '15:00:00', '16:00:00', 'kosong'),
(1295, 6, '2025-11-16', '16:00:00', '17:00:00', 'kosong'),
(1296, 6, '2025-11-16', '17:00:00', '18:00:00', 'kosong'),
(1297, 6, '2025-11-16', '18:00:00', '19:00:00', 'kosong'),
(1298, 6, '2025-11-16', '19:00:00', '20:00:00', 'kosong'),
(1299, 6, '2025-11-16', '20:00:00', '21:00:00', 'kosong'),
(1300, 6, '2025-11-16', '21:00:00', '22:00:00', 'kosong'),
(1301, 6, '2025-11-17', '07:00:00', '08:00:00', 'kosong'),
(1302, 6, '2025-11-17', '08:00:00', '09:00:00', 'kosong'),
(1303, 6, '2025-11-17', '09:00:00', '10:00:00', 'kosong'),
(1304, 6, '2025-11-17', '10:00:00', '11:00:00', 'kosong'),
(1305, 6, '2025-11-17', '11:00:00', '12:00:00', 'kosong'),
(1306, 6, '2025-11-17', '12:00:00', '13:00:00', 'kosong'),
(1307, 6, '2025-11-17', '13:00:00', '14:00:00', 'kosong'),
(1308, 6, '2025-11-17', '14:00:00', '15:00:00', 'kosong'),
(1309, 6, '2025-11-17', '15:00:00', '16:00:00', 'kosong'),
(1310, 6, '2025-11-17', '16:00:00', '17:00:00', 'kosong'),
(1311, 6, '2025-11-17', '17:00:00', '18:00:00', 'kosong'),
(1312, 6, '2025-11-17', '18:00:00', '19:00:00', 'kosong'),
(1313, 6, '2025-11-17', '19:00:00', '20:00:00', 'kosong'),
(1314, 6, '2025-11-17', '20:00:00', '21:00:00', 'kosong'),
(1315, 6, '2025-11-17', '21:00:00', '22:00:00', 'kosong'),
(1316, 6, '2025-11-18', '07:00:00', '08:00:00', 'kosong'),
(1317, 6, '2025-11-18', '08:00:00', '09:00:00', 'kosong'),
(1318, 6, '2025-11-18', '09:00:00', '10:00:00', 'kosong'),
(1319, 6, '2025-11-18', '10:00:00', '11:00:00', 'kosong'),
(1320, 6, '2025-11-18', '11:00:00', '12:00:00', 'kosong'),
(1321, 6, '2025-11-18', '12:00:00', '13:00:00', 'kosong'),
(1322, 6, '2025-11-18', '13:00:00', '14:00:00', 'kosong'),
(1323, 6, '2025-11-18', '14:00:00', '15:00:00', 'kosong'),
(1324, 6, '2025-11-18', '15:00:00', '16:00:00', 'kosong'),
(1325, 6, '2025-11-18', '16:00:00', '17:00:00', 'kosong'),
(1326, 6, '2025-11-18', '17:00:00', '18:00:00', 'kosong'),
(1327, 6, '2025-11-18', '18:00:00', '19:00:00', 'kosong'),
(1328, 6, '2025-11-18', '19:00:00', '20:00:00', 'kosong'),
(1329, 6, '2025-11-18', '20:00:00', '21:00:00', 'kosong'),
(1330, 6, '2025-11-18', '21:00:00', '22:00:00', 'kosong'),
(1331, 6, '2025-11-19', '07:00:00', '08:00:00', 'kosong'),
(1332, 6, '2025-11-19', '08:00:00', '09:00:00', 'terisi'),
(1333, 6, '2025-11-19', '09:00:00', '10:00:00', 'kosong'),
(1334, 6, '2025-11-19', '10:00:00', '11:00:00', 'kosong'),
(1335, 6, '2025-11-19', '11:00:00', '12:00:00', 'kosong'),
(1336, 6, '2025-11-19', '12:00:00', '13:00:00', 'kosong'),
(1337, 6, '2025-11-19', '13:00:00', '14:00:00', 'kosong'),
(1338, 6, '2025-11-19', '14:00:00', '15:00:00', 'kosong'),
(1339, 6, '2025-11-19', '15:00:00', '16:00:00', 'kosong'),
(1340, 6, '2025-11-19', '16:00:00', '17:00:00', 'kosong'),
(1341, 6, '2025-11-19', '17:00:00', '18:00:00', 'kosong'),
(1342, 6, '2025-11-19', '18:00:00', '19:00:00', 'kosong'),
(1343, 6, '2025-11-19', '19:00:00', '20:00:00', 'kosong'),
(1344, 6, '2025-11-19', '20:00:00', '21:00:00', 'kosong'),
(1345, 6, '2025-11-19', '21:00:00', '22:00:00', 'kosong'),
(1346, 6, '2025-11-20', '07:00:00', '08:00:00', 'terisi'),
(1347, 6, '2025-11-20', '08:00:00', '09:00:00', 'kosong'),
(1348, 6, '2025-11-20', '09:00:00', '10:00:00', 'terisi'),
(1349, 6, '2025-11-20', '10:00:00', '11:00:00', 'kosong'),
(1350, 6, '2025-11-20', '11:00:00', '12:00:00', 'kosong'),
(1351, 6, '2025-11-20', '12:00:00', '13:00:00', 'kosong'),
(1352, 6, '2025-11-20', '13:00:00', '14:00:00', 'kosong'),
(1353, 6, '2025-11-20', '14:00:00', '15:00:00', 'kosong'),
(1354, 6, '2025-11-20', '15:00:00', '16:00:00', 'kosong'),
(1355, 6, '2025-11-20', '16:00:00', '17:00:00', 'menunggu'),
(1356, 6, '2025-11-20', '17:00:00', '18:00:00', 'menunggu'),
(1357, 6, '2025-11-20', '18:00:00', '19:00:00', 'kosong'),
(1358, 6, '2025-11-20', '19:00:00', '20:00:00', 'kosong'),
(1359, 6, '2025-11-20', '20:00:00', '21:00:00', 'kosong'),
(1360, 6, '2025-11-20', '21:00:00', '22:00:00', 'kosong'),
(1361, 6, '2025-11-21', '07:00:00', '08:00:00', 'kosong'),
(1362, 6, '2025-11-21', '08:00:00', '09:00:00', 'kosong'),
(1363, 6, '2025-11-21', '09:00:00', '10:00:00', 'kosong'),
(1364, 6, '2025-11-21', '10:00:00', '11:00:00', 'menunggu'),
(1365, 6, '2025-11-21', '11:00:00', '12:00:00', 'menunggu'),
(1366, 6, '2025-11-21', '12:00:00', '13:00:00', 'kosong'),
(1367, 6, '2025-11-21', '13:00:00', '14:00:00', 'kosong'),
(1368, 6, '2025-11-21', '14:00:00', '15:00:00', 'kosong'),
(1369, 6, '2025-11-21', '15:00:00', '16:00:00', 'kosong'),
(1370, 6, '2025-11-21', '16:00:00', '17:00:00', 'kosong'),
(1371, 6, '2025-11-21', '17:00:00', '18:00:00', 'kosong'),
(1372, 6, '2025-11-21', '18:00:00', '19:00:00', 'kosong'),
(1373, 6, '2025-11-21', '19:00:00', '20:00:00', 'kosong'),
(1374, 6, '2025-11-21', '20:00:00', '21:00:00', 'kosong'),
(1375, 6, '2025-11-21', '21:00:00', '22:00:00', 'kosong'),
(1376, 6, '2025-11-22', '07:00:00', '08:00:00', 'kosong'),
(1377, 6, '2025-11-22', '08:00:00', '09:00:00', 'kosong'),
(1378, 6, '2025-11-22', '09:00:00', '10:00:00', 'kosong'),
(1379, 6, '2025-11-22', '10:00:00', '11:00:00', 'kosong'),
(1380, 6, '2025-11-22', '11:00:00', '12:00:00', 'kosong'),
(1381, 6, '2025-11-22', '12:00:00', '13:00:00', 'kosong'),
(1382, 6, '2025-11-22', '13:00:00', '14:00:00', 'kosong'),
(1383, 6, '2025-11-22', '14:00:00', '15:00:00', 'kosong'),
(1384, 6, '2025-11-22', '15:00:00', '16:00:00', 'kosong'),
(1385, 6, '2025-11-22', '16:00:00', '17:00:00', 'kosong'),
(1386, 6, '2025-11-22', '17:00:00', '18:00:00', 'kosong'),
(1387, 6, '2025-11-22', '18:00:00', '19:00:00', 'kosong'),
(1388, 6, '2025-11-22', '19:00:00', '20:00:00', 'kosong'),
(1389, 6, '2025-11-22', '20:00:00', '21:00:00', 'kosong'),
(1390, 6, '2025-11-22', '21:00:00', '22:00:00', 'kosong'),
(1391, 6, '2025-11-23', '07:00:00', '08:00:00', 'kosong'),
(1392, 6, '2025-11-23', '08:00:00', '09:00:00', 'kosong'),
(1393, 6, '2025-11-23', '09:00:00', '10:00:00', 'kosong'),
(1394, 6, '2025-11-23', '10:00:00', '11:00:00', 'kosong'),
(1395, 6, '2025-11-23', '11:00:00', '12:00:00', 'kosong'),
(1396, 6, '2025-11-23', '12:00:00', '13:00:00', 'kosong'),
(1397, 6, '2025-11-23', '13:00:00', '14:00:00', 'kosong'),
(1398, 6, '2025-11-23', '14:00:00', '15:00:00', 'kosong'),
(1399, 6, '2025-11-23', '15:00:00', '16:00:00', 'kosong'),
(1400, 6, '2025-11-23', '16:00:00', '17:00:00', 'kosong'),
(1401, 6, '2025-11-23', '17:00:00', '18:00:00', 'kosong'),
(1402, 6, '2025-11-23', '18:00:00', '19:00:00', 'kosong'),
(1403, 6, '2025-11-23', '19:00:00', '20:00:00', 'kosong'),
(1404, 6, '2025-11-23', '20:00:00', '21:00:00', 'kosong'),
(1405, 6, '2025-11-23', '21:00:00', '22:00:00', 'kosong'),
(1406, 6, '2025-11-24', '07:00:00', '08:00:00', 'kosong'),
(1407, 6, '2025-11-24', '08:00:00', '09:00:00', 'kosong'),
(1408, 6, '2025-11-24', '09:00:00', '10:00:00', 'kosong'),
(1409, 6, '2025-11-24', '10:00:00', '11:00:00', 'kosong'),
(1410, 6, '2025-11-24', '11:00:00', '12:00:00', 'kosong'),
(1411, 6, '2025-11-24', '12:00:00', '13:00:00', 'kosong'),
(1412, 6, '2025-11-24', '13:00:00', '14:00:00', 'kosong'),
(1413, 6, '2025-11-24', '14:00:00', '15:00:00', 'kosong'),
(1414, 6, '2025-11-24', '15:00:00', '16:00:00', 'kosong'),
(1415, 6, '2025-11-24', '16:00:00', '17:00:00', 'kosong'),
(1416, 6, '2025-11-24', '17:00:00', '18:00:00', 'kosong'),
(1417, 6, '2025-11-24', '18:00:00', '19:00:00', 'kosong'),
(1418, 6, '2025-11-24', '19:00:00', '20:00:00', 'kosong'),
(1419, 6, '2025-11-24', '20:00:00', '21:00:00', 'kosong'),
(1420, 6, '2025-11-24', '21:00:00', '22:00:00', 'kosong'),
(1421, 6, '2025-11-25', '07:00:00', '08:00:00', 'kosong'),
(1422, 6, '2025-11-25', '08:00:00', '09:00:00', 'kosong'),
(1423, 6, '2025-11-25', '09:00:00', '10:00:00', 'kosong'),
(1424, 6, '2025-11-25', '10:00:00', '11:00:00', 'kosong'),
(1425, 6, '2025-11-25', '11:00:00', '12:00:00', 'kosong'),
(1426, 6, '2025-11-25', '12:00:00', '13:00:00', 'kosong'),
(1427, 6, '2025-11-25', '13:00:00', '14:00:00', 'kosong'),
(1428, 6, '2025-11-25', '14:00:00', '15:00:00', 'kosong'),
(1429, 6, '2025-11-25', '15:00:00', '16:00:00', 'kosong'),
(1430, 6, '2025-11-25', '16:00:00', '17:00:00', 'kosong'),
(1431, 6, '2025-11-25', '17:00:00', '18:00:00', 'kosong'),
(1432, 6, '2025-11-25', '18:00:00', '19:00:00', 'kosong'),
(1433, 6, '2025-11-25', '19:00:00', '20:00:00', 'kosong'),
(1434, 6, '2025-11-25', '20:00:00', '21:00:00', 'kosong'),
(1435, 6, '2025-11-25', '21:00:00', '22:00:00', 'kosong'),
(1436, 6, '2025-11-26', '07:00:00', '08:00:00', 'kosong'),
(1437, 6, '2025-11-26', '08:00:00', '09:00:00', 'kosong'),
(1438, 6, '2025-11-26', '09:00:00', '10:00:00', 'kosong'),
(1439, 6, '2025-11-26', '10:00:00', '11:00:00', 'kosong'),
(1440, 6, '2025-11-26', '11:00:00', '12:00:00', 'kosong'),
(1441, 6, '2025-11-26', '12:00:00', '13:00:00', 'kosong'),
(1442, 6, '2025-11-26', '13:00:00', '14:00:00', 'kosong'),
(1443, 6, '2025-11-26', '14:00:00', '15:00:00', 'kosong'),
(1444, 6, '2025-11-26', '15:00:00', '16:00:00', 'kosong'),
(1445, 6, '2025-11-26', '16:00:00', '17:00:00', 'kosong'),
(1446, 6, '2025-11-26', '17:00:00', '18:00:00', 'kosong'),
(1447, 6, '2025-11-26', '18:00:00', '19:00:00', 'kosong'),
(1448, 6, '2025-11-26', '19:00:00', '20:00:00', 'kosong'),
(1449, 6, '2025-11-26', '20:00:00', '21:00:00', 'kosong'),
(1450, 6, '2025-11-26', '21:00:00', '22:00:00', 'kosong'),
(1451, 6, '2025-11-27', '07:00:00', '08:00:00', 'kosong'),
(1452, 6, '2025-11-27', '08:00:00', '09:00:00', 'kosong'),
(1453, 6, '2025-11-27', '09:00:00', '10:00:00', 'kosong'),
(1454, 6, '2025-11-27', '10:00:00', '11:00:00', 'kosong'),
(1455, 6, '2025-11-27', '11:00:00', '12:00:00', 'kosong'),
(1456, 6, '2025-11-27', '12:00:00', '13:00:00', 'kosong'),
(1457, 6, '2025-11-27', '13:00:00', '14:00:00', 'kosong'),
(1458, 6, '2025-11-27', '14:00:00', '15:00:00', 'kosong'),
(1459, 6, '2025-11-27', '15:00:00', '16:00:00', 'kosong'),
(1460, 6, '2025-11-27', '16:00:00', '17:00:00', 'kosong'),
(1461, 6, '2025-11-27', '17:00:00', '18:00:00', 'kosong'),
(1462, 6, '2025-11-27', '18:00:00', '19:00:00', 'kosong'),
(1463, 6, '2025-11-27', '19:00:00', '20:00:00', 'kosong'),
(1464, 6, '2025-11-27', '20:00:00', '21:00:00', 'kosong'),
(1465, 6, '2025-11-27', '21:00:00', '22:00:00', 'kosong'),
(1466, 6, '2025-11-28', '07:00:00', '08:00:00', 'kosong'),
(1467, 6, '2025-11-28', '08:00:00', '09:00:00', 'kosong'),
(1468, 6, '2025-11-28', '09:00:00', '10:00:00', 'kosong'),
(1469, 6, '2025-11-28', '10:00:00', '11:00:00', 'kosong'),
(1470, 6, '2025-11-28', '11:00:00', '12:00:00', 'kosong'),
(1471, 6, '2025-11-28', '12:00:00', '13:00:00', 'kosong'),
(1472, 6, '2025-11-28', '13:00:00', '14:00:00', 'kosong'),
(1473, 6, '2025-11-28', '14:00:00', '15:00:00', 'kosong'),
(1474, 6, '2025-11-28', '15:00:00', '16:00:00', 'kosong'),
(1475, 6, '2025-11-28', '16:00:00', '17:00:00', 'kosong'),
(1476, 6, '2025-11-28', '17:00:00', '18:00:00', 'kosong'),
(1477, 6, '2025-11-28', '18:00:00', '19:00:00', 'kosong'),
(1478, 6, '2025-11-28', '19:00:00', '20:00:00', 'kosong'),
(1479, 6, '2025-11-28', '20:00:00', '21:00:00', 'kosong'),
(1480, 6, '2025-11-28', '21:00:00', '22:00:00', 'kosong'),
(1481, 6, '2025-11-29', '07:00:00', '08:00:00', 'kosong'),
(1482, 6, '2025-11-29', '08:00:00', '09:00:00', 'kosong'),
(1483, 6, '2025-11-29', '09:00:00', '10:00:00', 'kosong'),
(1484, 6, '2025-11-29', '10:00:00', '11:00:00', 'kosong'),
(1485, 6, '2025-11-29', '11:00:00', '12:00:00', 'kosong'),
(1486, 6, '2025-11-29', '12:00:00', '13:00:00', 'kosong'),
(1487, 6, '2025-11-29', '13:00:00', '14:00:00', 'kosong'),
(1488, 6, '2025-11-29', '14:00:00', '15:00:00', 'kosong'),
(1489, 6, '2025-11-29', '15:00:00', '16:00:00', 'kosong'),
(1490, 6, '2025-11-29', '16:00:00', '17:00:00', 'kosong'),
(1491, 6, '2025-11-29', '17:00:00', '18:00:00', 'kosong'),
(1492, 6, '2025-11-29', '18:00:00', '19:00:00', 'kosong'),
(1493, 6, '2025-11-29', '19:00:00', '20:00:00', 'kosong'),
(1494, 6, '2025-11-29', '20:00:00', '21:00:00', 'kosong'),
(1495, 6, '2025-11-29', '21:00:00', '22:00:00', 'kosong'),
(1496, 6, '2025-11-30', '07:00:00', '08:00:00', 'kosong'),
(1497, 6, '2025-11-30', '08:00:00', '09:00:00', 'kosong'),
(1498, 6, '2025-11-30', '09:00:00', '10:00:00', 'kosong'),
(1499, 6, '2025-11-30', '10:00:00', '11:00:00', 'kosong'),
(1500, 6, '2025-11-30', '11:00:00', '12:00:00', 'kosong'),
(1501, 6, '2025-11-30', '12:00:00', '13:00:00', 'kosong'),
(1502, 6, '2025-11-30', '13:00:00', '14:00:00', 'kosong'),
(1503, 6, '2025-11-30', '14:00:00', '15:00:00', 'kosong'),
(1504, 6, '2025-11-30', '15:00:00', '16:00:00', 'kosong'),
(1505, 6, '2025-11-30', '16:00:00', '17:00:00', 'kosong'),
(1506, 6, '2025-11-30', '17:00:00', '18:00:00', 'kosong'),
(1507, 6, '2025-11-30', '18:00:00', '19:00:00', 'kosong'),
(1508, 6, '2025-11-30', '19:00:00', '20:00:00', 'kosong'),
(1509, 6, '2025-11-30', '20:00:00', '21:00:00', 'kosong'),
(1510, 6, '2025-11-30', '21:00:00', '22:00:00', 'kosong'),
(1511, 6, '2025-12-01', '07:00:00', '08:00:00', 'kosong'),
(1512, 6, '2025-12-01', '08:00:00', '09:00:00', 'kosong'),
(1513, 6, '2025-12-01', '09:00:00', '10:00:00', 'kosong'),
(1514, 6, '2025-12-01', '10:00:00', '11:00:00', 'kosong'),
(1515, 6, '2025-12-01', '11:00:00', '12:00:00', 'kosong'),
(1516, 6, '2025-12-01', '12:00:00', '13:00:00', 'kosong'),
(1517, 6, '2025-12-01', '13:00:00', '14:00:00', 'kosong'),
(1518, 6, '2025-12-01', '14:00:00', '15:00:00', 'kosong'),
(1519, 6, '2025-12-01', '15:00:00', '16:00:00', 'kosong'),
(1520, 6, '2025-12-01', '16:00:00', '17:00:00', 'kosong'),
(1521, 6, '2025-12-01', '17:00:00', '18:00:00', 'kosong'),
(1522, 6, '2025-12-01', '18:00:00', '19:00:00', 'kosong'),
(1523, 6, '2025-12-01', '19:00:00', '20:00:00', 'kosong'),
(1524, 6, '2025-12-01', '20:00:00', '21:00:00', 'kosong'),
(1525, 6, '2025-12-01', '21:00:00', '22:00:00', 'kosong'),
(1526, 6, '2025-12-02', '07:00:00', '08:00:00', 'kosong'),
(1527, 6, '2025-12-02', '08:00:00', '09:00:00', 'kosong'),
(1528, 6, '2025-12-02', '09:00:00', '10:00:00', 'kosong'),
(1529, 6, '2025-12-02', '10:00:00', '11:00:00', 'kosong'),
(1530, 6, '2025-12-02', '11:00:00', '12:00:00', 'kosong'),
(1531, 6, '2025-12-02', '12:00:00', '13:00:00', 'kosong'),
(1532, 6, '2025-12-02', '13:00:00', '14:00:00', 'kosong'),
(1533, 6, '2025-12-02', '14:00:00', '15:00:00', 'kosong'),
(1534, 6, '2025-12-02', '15:00:00', '16:00:00', 'kosong'),
(1535, 6, '2025-12-02', '16:00:00', '17:00:00', 'kosong'),
(1536, 6, '2025-12-02', '17:00:00', '18:00:00', 'kosong'),
(1537, 6, '2025-12-02', '18:00:00', '19:00:00', 'kosong'),
(1538, 6, '2025-12-02', '19:00:00', '20:00:00', 'kosong'),
(1539, 6, '2025-12-02', '20:00:00', '21:00:00', 'kosong'),
(1540, 6, '2025-12-02', '21:00:00', '22:00:00', 'kosong'),
(1541, 6, '2025-12-03', '07:00:00', '08:00:00', 'kosong'),
(1542, 6, '2025-12-03', '08:00:00', '09:00:00', 'kosong'),
(1543, 6, '2025-12-03', '09:00:00', '10:00:00', 'kosong'),
(1544, 6, '2025-12-03', '10:00:00', '11:00:00', 'kosong'),
(1545, 6, '2025-12-03', '11:00:00', '12:00:00', 'kosong'),
(1546, 6, '2025-12-03', '12:00:00', '13:00:00', 'kosong'),
(1547, 6, '2025-12-03', '13:00:00', '14:00:00', 'kosong'),
(1548, 6, '2025-12-03', '14:00:00', '15:00:00', 'kosong'),
(1549, 6, '2025-12-03', '15:00:00', '16:00:00', 'kosong'),
(1550, 6, '2025-12-03', '16:00:00', '17:00:00', 'kosong'),
(1551, 6, '2025-12-03', '17:00:00', '18:00:00', 'kosong'),
(1552, 6, '2025-12-03', '18:00:00', '19:00:00', 'kosong'),
(1553, 6, '2025-12-03', '19:00:00', '20:00:00', 'kosong'),
(1554, 6, '2025-12-03', '20:00:00', '21:00:00', 'kosong'),
(1555, 6, '2025-12-03', '21:00:00', '22:00:00', 'kosong'),
(1556, 6, '2025-12-04', '07:00:00', '08:00:00', 'kosong'),
(1557, 6, '2025-12-04', '08:00:00', '09:00:00', 'kosong'),
(1558, 6, '2025-12-04', '09:00:00', '10:00:00', 'kosong'),
(1559, 6, '2025-12-04', '10:00:00', '11:00:00', 'kosong'),
(1560, 6, '2025-12-04', '11:00:00', '12:00:00', 'kosong'),
(1561, 6, '2025-12-04', '12:00:00', '13:00:00', 'kosong'),
(1562, 6, '2025-12-04', '13:00:00', '14:00:00', 'kosong'),
(1563, 6, '2025-12-04', '14:00:00', '15:00:00', 'kosong'),
(1564, 6, '2025-12-04', '15:00:00', '16:00:00', 'kosong'),
(1565, 6, '2025-12-04', '16:00:00', '17:00:00', 'kosong'),
(1566, 6, '2025-12-04', '17:00:00', '18:00:00', 'kosong'),
(1567, 6, '2025-12-04', '18:00:00', '19:00:00', 'kosong'),
(1568, 6, '2025-12-04', '19:00:00', '20:00:00', 'kosong'),
(1569, 6, '2025-12-04', '20:00:00', '21:00:00', 'kosong'),
(1570, 6, '2025-12-04', '21:00:00', '22:00:00', 'kosong'),
(1571, 6, '2025-12-05', '07:00:00', '08:00:00', 'kosong'),
(1572, 6, '2025-12-05', '08:00:00', '09:00:00', 'kosong'),
(1573, 6, '2025-12-05', '09:00:00', '10:00:00', 'kosong'),
(1574, 6, '2025-12-05', '10:00:00', '11:00:00', 'kosong'),
(1575, 6, '2025-12-05', '11:00:00', '12:00:00', 'kosong'),
(1576, 6, '2025-12-05', '12:00:00', '13:00:00', 'kosong'),
(1577, 6, '2025-12-05', '13:00:00', '14:00:00', 'kosong'),
(1578, 6, '2025-12-05', '14:00:00', '15:00:00', 'kosong'),
(1579, 6, '2025-12-05', '15:00:00', '16:00:00', 'kosong'),
(1580, 6, '2025-12-05', '16:00:00', '17:00:00', 'kosong'),
(1581, 6, '2025-12-05', '17:00:00', '18:00:00', 'kosong'),
(1582, 6, '2025-12-05', '18:00:00', '19:00:00', 'kosong'),
(1583, 6, '2025-12-05', '19:00:00', '20:00:00', 'kosong'),
(1584, 6, '2025-12-05', '20:00:00', '21:00:00', 'kosong'),
(1585, 6, '2025-12-05', '21:00:00', '22:00:00', 'kosong'),
(1586, 6, '2025-12-06', '07:00:00', '08:00:00', 'kosong'),
(1587, 6, '2025-12-06', '08:00:00', '09:00:00', 'kosong'),
(1588, 6, '2025-12-06', '09:00:00', '10:00:00', 'kosong'),
(1589, 6, '2025-12-06', '10:00:00', '11:00:00', 'kosong'),
(1590, 6, '2025-12-06', '11:00:00', '12:00:00', 'kosong'),
(1591, 6, '2025-12-06', '12:00:00', '13:00:00', 'kosong'),
(1592, 6, '2025-12-06', '13:00:00', '14:00:00', 'kosong'),
(1593, 6, '2025-12-06', '14:00:00', '15:00:00', 'kosong'),
(1594, 6, '2025-12-06', '15:00:00', '16:00:00', 'kosong'),
(1595, 6, '2025-12-06', '16:00:00', '17:00:00', 'kosong'),
(1596, 6, '2025-12-06', '17:00:00', '18:00:00', 'kosong'),
(1597, 6, '2025-12-06', '18:00:00', '19:00:00', 'kosong'),
(1598, 6, '2025-12-06', '19:00:00', '20:00:00', 'kosong'),
(1599, 6, '2025-12-06', '20:00:00', '21:00:00', 'kosong'),
(1600, 6, '2025-12-06', '21:00:00', '22:00:00', 'kosong'),
(1601, 6, '2025-12-07', '07:00:00', '08:00:00', 'kosong'),
(1602, 6, '2025-12-07', '08:00:00', '09:00:00', 'kosong'),
(1603, 6, '2025-12-07', '09:00:00', '10:00:00', 'kosong'),
(1604, 6, '2025-12-07', '10:00:00', '11:00:00', 'kosong'),
(1605, 6, '2025-12-07', '11:00:00', '12:00:00', 'kosong'),
(1606, 6, '2025-12-07', '12:00:00', '13:00:00', 'kosong'),
(1607, 6, '2025-12-07', '13:00:00', '14:00:00', 'kosong'),
(1608, 6, '2025-12-07', '14:00:00', '15:00:00', 'kosong'),
(1609, 6, '2025-12-07', '15:00:00', '16:00:00', 'kosong'),
(1610, 6, '2025-12-07', '16:00:00', '17:00:00', 'kosong'),
(1611, 6, '2025-12-07', '17:00:00', '18:00:00', 'kosong'),
(1612, 6, '2025-12-07', '18:00:00', '19:00:00', 'kosong'),
(1613, 6, '2025-12-07', '19:00:00', '20:00:00', 'kosong'),
(1614, 6, '2025-12-07', '20:00:00', '21:00:00', 'kosong'),
(1615, 6, '2025-12-07', '21:00:00', '22:00:00', 'kosong'),
(1616, 6, '2025-12-08', '07:00:00', '08:00:00', 'kosong'),
(1617, 6, '2025-12-08', '08:00:00', '09:00:00', 'kosong'),
(1618, 6, '2025-12-08', '09:00:00', '10:00:00', 'kosong'),
(1619, 6, '2025-12-08', '10:00:00', '11:00:00', 'kosong'),
(1620, 6, '2025-12-08', '11:00:00', '12:00:00', 'kosong'),
(1621, 6, '2025-12-08', '12:00:00', '13:00:00', 'kosong'),
(1622, 6, '2025-12-08', '13:00:00', '14:00:00', 'kosong'),
(1623, 6, '2025-12-08', '14:00:00', '15:00:00', 'kosong'),
(1624, 6, '2025-12-08', '15:00:00', '16:00:00', 'kosong'),
(1625, 6, '2025-12-08', '16:00:00', '17:00:00', 'kosong'),
(1626, 6, '2025-12-08', '17:00:00', '18:00:00', 'kosong'),
(1627, 6, '2025-12-08', '18:00:00', '19:00:00', 'kosong'),
(1628, 6, '2025-12-08', '19:00:00', '20:00:00', 'kosong'),
(1629, 6, '2025-12-08', '20:00:00', '21:00:00', 'kosong'),
(1630, 6, '2025-12-08', '21:00:00', '22:00:00', 'kosong'),
(1631, 6, '2025-12-09', '07:00:00', '08:00:00', 'kosong'),
(1632, 6, '2025-12-09', '08:00:00', '09:00:00', 'kosong'),
(1633, 6, '2025-12-09', '09:00:00', '10:00:00', 'kosong'),
(1634, 6, '2025-12-09', '10:00:00', '11:00:00', 'kosong'),
(1635, 6, '2025-12-09', '11:00:00', '12:00:00', 'kosong'),
(1636, 6, '2025-12-09', '12:00:00', '13:00:00', 'kosong'),
(1637, 6, '2025-12-09', '13:00:00', '14:00:00', 'kosong'),
(1638, 6, '2025-12-09', '14:00:00', '15:00:00', 'kosong'),
(1639, 6, '2025-12-09', '15:00:00', '16:00:00', 'kosong'),
(1640, 6, '2025-12-09', '16:00:00', '17:00:00', 'kosong'),
(1641, 6, '2025-12-09', '17:00:00', '18:00:00', 'kosong'),
(1642, 6, '2025-12-09', '18:00:00', '19:00:00', 'kosong'),
(1643, 6, '2025-12-09', '19:00:00', '20:00:00', 'kosong'),
(1644, 6, '2025-12-09', '20:00:00', '21:00:00', 'kosong'),
(1645, 6, '2025-12-09', '21:00:00', '22:00:00', 'kosong'),
(1646, 6, '2025-12-10', '07:00:00', '08:00:00', 'kosong'),
(1647, 6, '2025-12-10', '08:00:00', '09:00:00', 'kosong'),
(1648, 6, '2025-12-10', '09:00:00', '10:00:00', 'kosong'),
(1649, 6, '2025-12-10', '10:00:00', '11:00:00', 'kosong'),
(1650, 6, '2025-12-10', '11:00:00', '12:00:00', 'kosong'),
(1651, 6, '2025-12-10', '12:00:00', '13:00:00', 'kosong'),
(1652, 6, '2025-12-10', '13:00:00', '14:00:00', 'kosong'),
(1653, 6, '2025-12-10', '14:00:00', '15:00:00', 'kosong'),
(1654, 6, '2025-12-10', '15:00:00', '16:00:00', 'kosong'),
(1655, 6, '2025-12-10', '16:00:00', '17:00:00', 'kosong'),
(1656, 6, '2025-12-10', '17:00:00', '18:00:00', 'kosong'),
(1657, 6, '2025-12-10', '18:00:00', '19:00:00', 'kosong'),
(1658, 6, '2025-12-10', '19:00:00', '20:00:00', 'kosong'),
(1659, 6, '2025-12-10', '20:00:00', '21:00:00', 'kosong'),
(1660, 6, '2025-12-10', '21:00:00', '22:00:00', 'kosong'),
(1661, 9, '2025-11-20', '07:00:00', '08:00:00', 'kosong'),
(1662, 9, '2025-11-20', '08:00:00', '09:00:00', 'kosong'),
(1663, 9, '2025-11-20', '09:00:00', '10:00:00', 'kosong'),
(1664, 9, '2025-11-20', '10:00:00', '11:00:00', 'kosong'),
(1665, 9, '2025-11-20', '11:00:00', '12:00:00', 'kosong'),
(1666, 9, '2025-11-20', '12:00:00', '13:00:00', 'kosong'),
(1667, 9, '2025-11-20', '13:00:00', '14:00:00', 'kosong'),
(1668, 9, '2025-11-20', '14:00:00', '15:00:00', 'kosong'),
(1669, 9, '2025-11-20', '15:00:00', '16:00:00', 'kosong'),
(1670, 9, '2025-11-20', '16:00:00', '17:00:00', 'kosong'),
(1671, 9, '2025-11-20', '17:00:00', '18:00:00', 'kosong'),
(1672, 9, '2025-11-20', '18:00:00', '19:00:00', 'kosong'),
(1673, 9, '2025-11-20', '19:00:00', '20:00:00', 'kosong'),
(1674, 9, '2025-11-20', '20:00:00', '21:00:00', 'kosong'),
(1675, 9, '2025-11-20', '21:00:00', '22:00:00', 'kosong'),
(1676, 9, '2025-11-22', '07:00:00', '08:00:00', 'menunggu'),
(1677, 9, '2025-11-22', '08:00:00', '09:00:00', 'kosong'),
(1678, 9, '2025-11-22', '09:00:00', '10:00:00', 'kosong'),
(1679, 9, '2025-11-22', '10:00:00', '11:00:00', 'kosong'),
(1680, 9, '2025-11-22', '11:00:00', '12:00:00', 'kosong'),
(1681, 9, '2025-11-22', '12:00:00', '13:00:00', 'kosong'),
(1682, 9, '2025-11-22', '13:00:00', '14:00:00', 'kosong'),
(1683, 9, '2025-11-22', '14:00:00', '15:00:00', 'kosong'),
(1684, 9, '2025-11-22', '15:00:00', '16:00:00', 'kosong'),
(1685, 9, '2025-11-22', '16:00:00', '17:00:00', 'kosong'),
(1686, 9, '2025-11-22', '17:00:00', '18:00:00', 'kosong'),
(1687, 9, '2025-11-22', '18:00:00', '19:00:00', 'kosong'),
(1688, 9, '2025-11-22', '19:00:00', '20:00:00', 'kosong'),
(1689, 9, '2025-11-22', '20:00:00', '21:00:00', 'kosong'),
(1690, 9, '2025-11-22', '21:00:00', '22:00:00', 'kosong'),
(1691, 9, '2025-11-23', '07:00:00', '08:00:00', 'kosong'),
(1692, 9, '2025-11-23', '08:00:00', '09:00:00', 'kosong'),
(1693, 9, '2025-11-23', '09:00:00', '10:00:00', 'kosong'),
(1694, 9, '2025-11-23', '10:00:00', '11:00:00', 'kosong'),
(1695, 9, '2025-11-23', '11:00:00', '12:00:00', 'kosong'),
(1696, 9, '2025-11-23', '12:00:00', '13:00:00', 'kosong'),
(1697, 9, '2025-11-23', '13:00:00', '14:00:00', 'kosong'),
(1698, 9, '2025-11-23', '14:00:00', '15:00:00', 'kosong'),
(1699, 9, '2025-11-23', '15:00:00', '16:00:00', 'kosong'),
(1700, 9, '2025-11-23', '16:00:00', '17:00:00', 'kosong'),
(1701, 9, '2025-11-23', '17:00:00', '18:00:00', 'kosong'),
(1702, 9, '2025-11-23', '18:00:00', '19:00:00', 'kosong'),
(1703, 9, '2025-11-23', '19:00:00', '20:00:00', 'kosong'),
(1704, 9, '2025-11-23', '20:00:00', '21:00:00', 'kosong'),
(1705, 9, '2025-11-23', '21:00:00', '22:00:00', 'kosong'),
(1706, 9, '2025-11-25', '07:00:00', '08:00:00', 'kosong'),
(1707, 9, '2025-11-25', '08:00:00', '09:00:00', 'kosong'),
(1708, 9, '2025-11-25', '09:00:00', '10:00:00', 'kosong'),
(1709, 9, '2025-11-25', '10:00:00', '11:00:00', 'kosong'),
(1710, 9, '2025-11-25', '11:00:00', '12:00:00', 'kosong'),
(1711, 9, '2025-11-25', '12:00:00', '13:00:00', 'kosong'),
(1712, 9, '2025-11-25', '13:00:00', '14:00:00', 'kosong'),
(1713, 9, '2025-11-25', '14:00:00', '15:00:00', 'kosong'),
(1714, 9, '2025-11-25', '15:00:00', '16:00:00', 'kosong'),
(1715, 9, '2025-11-25', '16:00:00', '17:00:00', 'kosong'),
(1716, 9, '2025-11-25', '17:00:00', '18:00:00', 'kosong'),
(1717, 9, '2025-11-25', '18:00:00', '19:00:00', 'kosong'),
(1718, 9, '2025-11-25', '19:00:00', '20:00:00', 'kosong'),
(1719, 9, '2025-11-25', '20:00:00', '21:00:00', 'kosong'),
(1720, 9, '2025-11-25', '21:00:00', '22:00:00', 'kosong'),
(1721, 9, '2025-11-27', '07:00:00', '08:00:00', 'kosong'),
(1722, 9, '2025-11-27', '08:00:00', '09:00:00', 'kosong'),
(1723, 9, '2025-11-27', '09:00:00', '10:00:00', 'kosong'),
(1724, 9, '2025-11-27', '10:00:00', '11:00:00', 'kosong'),
(1725, 9, '2025-11-27', '11:00:00', '12:00:00', 'kosong'),
(1726, 9, '2025-11-27', '12:00:00', '13:00:00', 'kosong'),
(1727, 9, '2025-11-27', '13:00:00', '14:00:00', 'kosong'),
(1728, 9, '2025-11-27', '14:00:00', '15:00:00', 'kosong'),
(1729, 9, '2025-11-27', '15:00:00', '16:00:00', 'kosong'),
(1730, 9, '2025-11-27', '16:00:00', '17:00:00', 'kosong'),
(1731, 9, '2025-11-27', '17:00:00', '18:00:00', 'kosong'),
(1732, 9, '2025-11-27', '18:00:00', '19:00:00', 'kosong'),
(1733, 9, '2025-11-27', '19:00:00', '20:00:00', 'kosong'),
(1734, 9, '2025-11-27', '20:00:00', '21:00:00', 'kosong'),
(1735, 9, '2025-11-27', '21:00:00', '22:00:00', 'kosong'),
(1736, 9, '2025-11-29', '07:00:00', '08:00:00', 'kosong'),
(1737, 9, '2025-11-29', '08:00:00', '09:00:00', 'kosong'),
(1738, 9, '2025-11-29', '09:00:00', '10:00:00', 'kosong'),
(1739, 9, '2025-11-29', '10:00:00', '11:00:00', 'kosong'),
(1740, 9, '2025-11-29', '11:00:00', '12:00:00', 'kosong'),
(1741, 9, '2025-11-29', '12:00:00', '13:00:00', 'kosong'),
(1742, 9, '2025-11-29', '13:00:00', '14:00:00', 'kosong'),
(1743, 9, '2025-11-29', '14:00:00', '15:00:00', 'kosong'),
(1744, 9, '2025-11-29', '15:00:00', '16:00:00', 'kosong'),
(1745, 9, '2025-11-29', '16:00:00', '17:00:00', 'kosong'),
(1746, 9, '2025-11-29', '17:00:00', '18:00:00', 'kosong'),
(1747, 9, '2025-11-29', '18:00:00', '19:00:00', 'kosong'),
(1748, 9, '2025-11-29', '19:00:00', '20:00:00', 'kosong'),
(1749, 9, '2025-11-29', '20:00:00', '21:00:00', 'kosong'),
(1750, 9, '2025-11-29', '21:00:00', '22:00:00', 'kosong'),
(1751, 9, '2025-11-30', '07:00:00', '08:00:00', 'kosong'),
(1752, 9, '2025-11-30', '08:00:00', '09:00:00', 'kosong'),
(1753, 9, '2025-11-30', '09:00:00', '10:00:00', 'kosong'),
(1754, 9, '2025-11-30', '10:00:00', '11:00:00', 'kosong'),
(1755, 9, '2025-11-30', '11:00:00', '12:00:00', 'kosong'),
(1756, 9, '2025-11-30', '12:00:00', '13:00:00', 'kosong'),
(1757, 9, '2025-11-30', '13:00:00', '14:00:00', 'kosong'),
(1758, 9, '2025-11-30', '14:00:00', '15:00:00', 'kosong'),
(1759, 9, '2025-11-30', '15:00:00', '16:00:00', 'kosong'),
(1760, 9, '2025-11-30', '16:00:00', '17:00:00', 'kosong'),
(1761, 9, '2025-11-30', '17:00:00', '18:00:00', 'kosong'),
(1762, 9, '2025-11-30', '18:00:00', '19:00:00', 'kosong'),
(1763, 9, '2025-11-30', '19:00:00', '20:00:00', 'kosong'),
(1764, 9, '2025-11-30', '20:00:00', '21:00:00', 'kosong'),
(1765, 9, '2025-11-30', '21:00:00', '22:00:00', 'kosong'),
(1766, 9, '2025-12-02', '07:00:00', '08:00:00', 'kosong'),
(1767, 9, '2025-12-02', '08:00:00', '09:00:00', 'kosong'),
(1768, 9, '2025-12-02', '09:00:00', '10:00:00', 'kosong'),
(1769, 9, '2025-12-02', '10:00:00', '11:00:00', 'kosong'),
(1770, 9, '2025-12-02', '11:00:00', '12:00:00', 'kosong'),
(1771, 9, '2025-12-02', '12:00:00', '13:00:00', 'kosong'),
(1772, 9, '2025-12-02', '13:00:00', '14:00:00', 'kosong'),
(1773, 9, '2025-12-02', '14:00:00', '15:00:00', 'kosong'),
(1774, 9, '2025-12-02', '15:00:00', '16:00:00', 'kosong'),
(1775, 9, '2025-12-02', '16:00:00', '17:00:00', 'kosong'),
(1776, 9, '2025-12-02', '17:00:00', '18:00:00', 'kosong'),
(1777, 9, '2025-12-02', '18:00:00', '19:00:00', 'kosong'),
(1778, 9, '2025-12-02', '19:00:00', '20:00:00', 'kosong'),
(1779, 9, '2025-12-02', '20:00:00', '21:00:00', 'kosong'),
(1780, 9, '2025-12-02', '21:00:00', '22:00:00', 'kosong'),
(1781, 9, '2025-12-04', '07:00:00', '08:00:00', 'kosong'),
(1782, 9, '2025-12-04', '08:00:00', '09:00:00', 'kosong'),
(1783, 9, '2025-12-04', '09:00:00', '10:00:00', 'kosong');
INSERT INTO `jadwal` (`id_jadwal`, `id_arena`, `tanggal`, `jam_mulai`, `jam_selesai`, `status_slot`) VALUES
(1784, 9, '2025-12-04', '10:00:00', '11:00:00', 'kosong'),
(1785, 9, '2025-12-04', '11:00:00', '12:00:00', 'kosong'),
(1786, 9, '2025-12-04', '12:00:00', '13:00:00', 'kosong'),
(1787, 9, '2025-12-04', '13:00:00', '14:00:00', 'kosong'),
(1788, 9, '2025-12-04', '14:00:00', '15:00:00', 'kosong'),
(1789, 9, '2025-12-04', '15:00:00', '16:00:00', 'kosong'),
(1790, 9, '2025-12-04', '16:00:00', '17:00:00', 'kosong'),
(1791, 9, '2025-12-04', '17:00:00', '18:00:00', 'kosong'),
(1792, 9, '2025-12-04', '18:00:00', '19:00:00', 'kosong'),
(1793, 9, '2025-12-04', '19:00:00', '20:00:00', 'kosong'),
(1794, 9, '2025-12-04', '20:00:00', '21:00:00', 'kosong'),
(1795, 9, '2025-12-04', '21:00:00', '22:00:00', 'kosong'),
(1796, 9, '2025-12-06', '07:00:00', '08:00:00', 'kosong'),
(1797, 9, '2025-12-06', '08:00:00', '09:00:00', 'kosong'),
(1798, 9, '2025-12-06', '09:00:00', '10:00:00', 'kosong'),
(1799, 9, '2025-12-06', '10:00:00', '11:00:00', 'kosong'),
(1800, 9, '2025-12-06', '11:00:00', '12:00:00', 'kosong'),
(1801, 9, '2025-12-06', '12:00:00', '13:00:00', 'kosong'),
(1802, 9, '2025-12-06', '13:00:00', '14:00:00', 'kosong'),
(1803, 9, '2025-12-06', '14:00:00', '15:00:00', 'kosong'),
(1804, 9, '2025-12-06', '15:00:00', '16:00:00', 'kosong'),
(1805, 9, '2025-12-06', '16:00:00', '17:00:00', 'kosong'),
(1806, 9, '2025-12-06', '17:00:00', '18:00:00', 'kosong'),
(1807, 9, '2025-12-06', '18:00:00', '19:00:00', 'kosong'),
(1808, 9, '2025-12-06', '19:00:00', '20:00:00', 'kosong'),
(1809, 9, '2025-12-06', '20:00:00', '21:00:00', 'kosong'),
(1810, 9, '2025-12-06', '21:00:00', '22:00:00', 'kosong'),
(1811, 9, '2025-12-07', '07:00:00', '08:00:00', 'kosong'),
(1812, 9, '2025-12-07', '08:00:00', '09:00:00', 'kosong'),
(1813, 9, '2025-12-07', '09:00:00', '10:00:00', 'kosong'),
(1814, 9, '2025-12-07', '10:00:00', '11:00:00', 'kosong'),
(1815, 9, '2025-12-07', '11:00:00', '12:00:00', 'kosong'),
(1816, 9, '2025-12-07', '12:00:00', '13:00:00', 'kosong'),
(1817, 9, '2025-12-07', '13:00:00', '14:00:00', 'kosong'),
(1818, 9, '2025-12-07', '14:00:00', '15:00:00', 'kosong'),
(1819, 9, '2025-12-07', '15:00:00', '16:00:00', 'kosong'),
(1820, 9, '2025-12-07', '16:00:00', '17:00:00', 'kosong'),
(1821, 9, '2025-12-07', '17:00:00', '18:00:00', 'kosong'),
(1822, 9, '2025-12-07', '18:00:00', '19:00:00', 'kosong'),
(1823, 9, '2025-12-07', '19:00:00', '20:00:00', 'kosong'),
(1824, 9, '2025-12-07', '20:00:00', '21:00:00', 'kosong'),
(1825, 9, '2025-12-07', '21:00:00', '22:00:00', 'kosong'),
(1826, 9, '2025-12-09', '07:00:00', '08:00:00', 'kosong'),
(1827, 9, '2025-12-09', '08:00:00', '09:00:00', 'kosong'),
(1828, 9, '2025-12-09', '09:00:00', '10:00:00', 'kosong'),
(1829, 9, '2025-12-09', '10:00:00', '11:00:00', 'kosong'),
(1830, 9, '2025-12-09', '11:00:00', '12:00:00', 'kosong'),
(1831, 9, '2025-12-09', '12:00:00', '13:00:00', 'kosong'),
(1832, 9, '2025-12-09', '13:00:00', '14:00:00', 'kosong'),
(1833, 9, '2025-12-09', '14:00:00', '15:00:00', 'kosong'),
(1834, 9, '2025-12-09', '15:00:00', '16:00:00', 'kosong'),
(1835, 9, '2025-12-09', '16:00:00', '17:00:00', 'kosong'),
(1836, 9, '2025-12-09', '17:00:00', '18:00:00', 'kosong'),
(1837, 9, '2025-12-09', '18:00:00', '19:00:00', 'kosong'),
(1838, 9, '2025-12-09', '19:00:00', '20:00:00', 'kosong'),
(1839, 9, '2025-12-09', '20:00:00', '21:00:00', 'kosong'),
(1840, 9, '2025-12-09', '21:00:00', '22:00:00', 'kosong'),
(1841, 9, '2025-12-11', '07:00:00', '08:00:00', 'kosong'),
(1842, 9, '2025-12-11', '08:00:00', '09:00:00', 'kosong'),
(1843, 9, '2025-12-11', '09:00:00', '10:00:00', 'kosong'),
(1844, 9, '2025-12-11', '10:00:00', '11:00:00', 'kosong'),
(1845, 9, '2025-12-11', '11:00:00', '12:00:00', 'kosong'),
(1846, 9, '2025-12-11', '12:00:00', '13:00:00', 'kosong'),
(1847, 9, '2025-12-11', '13:00:00', '14:00:00', 'kosong'),
(1848, 9, '2025-12-11', '14:00:00', '15:00:00', 'kosong'),
(1849, 9, '2025-12-11', '15:00:00', '16:00:00', 'kosong'),
(1850, 9, '2025-12-11', '16:00:00', '17:00:00', 'kosong'),
(1851, 9, '2025-12-11', '17:00:00', '18:00:00', 'kosong'),
(1852, 9, '2025-12-11', '18:00:00', '19:00:00', 'kosong'),
(1853, 9, '2025-12-11', '19:00:00', '20:00:00', 'kosong'),
(1854, 9, '2025-12-11', '20:00:00', '21:00:00', 'kosong'),
(1855, 9, '2025-12-11', '21:00:00', '22:00:00', 'kosong'),
(1856, 9, '2025-12-13', '07:00:00', '08:00:00', 'kosong'),
(1857, 9, '2025-12-13', '08:00:00', '09:00:00', 'kosong'),
(1858, 9, '2025-12-13', '09:00:00', '10:00:00', 'kosong'),
(1859, 9, '2025-12-13', '10:00:00', '11:00:00', 'kosong'),
(1860, 9, '2025-12-13', '11:00:00', '12:00:00', 'kosong'),
(1861, 9, '2025-12-13', '12:00:00', '13:00:00', 'kosong'),
(1862, 9, '2025-12-13', '13:00:00', '14:00:00', 'kosong'),
(1863, 9, '2025-12-13', '14:00:00', '15:00:00', 'kosong'),
(1864, 9, '2025-12-13', '15:00:00', '16:00:00', 'kosong'),
(1865, 9, '2025-12-13', '16:00:00', '17:00:00', 'kosong'),
(1866, 9, '2025-12-13', '17:00:00', '18:00:00', 'kosong'),
(1867, 9, '2025-12-13', '18:00:00', '19:00:00', 'kosong'),
(1868, 9, '2025-12-13', '19:00:00', '20:00:00', 'kosong'),
(1869, 9, '2025-12-13', '20:00:00', '21:00:00', 'kosong'),
(1870, 9, '2025-12-13', '21:00:00', '22:00:00', 'kosong'),
(1871, 9, '2025-12-14', '07:00:00', '08:00:00', 'kosong'),
(1872, 9, '2025-12-14', '08:00:00', '09:00:00', 'kosong'),
(1873, 9, '2025-12-14', '09:00:00', '10:00:00', 'kosong'),
(1874, 9, '2025-12-14', '10:00:00', '11:00:00', 'kosong'),
(1875, 9, '2025-12-14', '11:00:00', '12:00:00', 'kosong'),
(1876, 9, '2025-12-14', '12:00:00', '13:00:00', 'kosong'),
(1877, 9, '2025-12-14', '13:00:00', '14:00:00', 'kosong'),
(1878, 9, '2025-12-14', '14:00:00', '15:00:00', 'kosong'),
(1879, 9, '2025-12-14', '15:00:00', '16:00:00', 'kosong'),
(1880, 9, '2025-12-14', '16:00:00', '17:00:00', 'kosong'),
(1881, 9, '2025-12-14', '17:00:00', '18:00:00', 'kosong'),
(1882, 9, '2025-12-14', '18:00:00', '19:00:00', 'kosong'),
(1883, 9, '2025-12-14', '19:00:00', '20:00:00', 'kosong'),
(1884, 9, '2025-12-14', '20:00:00', '21:00:00', 'kosong'),
(1885, 9, '2025-12-14', '21:00:00', '22:00:00', 'kosong'),
(1886, 9, '2025-12-16', '07:00:00', '08:00:00', 'kosong'),
(1887, 9, '2025-12-16', '08:00:00', '09:00:00', 'kosong'),
(1888, 9, '2025-12-16', '09:00:00', '10:00:00', 'kosong'),
(1889, 9, '2025-12-16', '10:00:00', '11:00:00', 'kosong'),
(1890, 9, '2025-12-16', '11:00:00', '12:00:00', 'kosong'),
(1891, 9, '2025-12-16', '12:00:00', '13:00:00', 'kosong'),
(1892, 9, '2025-12-16', '13:00:00', '14:00:00', 'kosong'),
(1893, 9, '2025-12-16', '14:00:00', '15:00:00', 'kosong'),
(1894, 9, '2025-12-16', '15:00:00', '16:00:00', 'kosong'),
(1895, 9, '2025-12-16', '16:00:00', '17:00:00', 'kosong'),
(1896, 9, '2025-12-16', '17:00:00', '18:00:00', 'kosong'),
(1897, 9, '2025-12-16', '18:00:00', '19:00:00', 'kosong'),
(1898, 9, '2025-12-16', '19:00:00', '20:00:00', 'kosong'),
(1899, 9, '2025-12-16', '20:00:00', '21:00:00', 'kosong'),
(1900, 9, '2025-12-16', '21:00:00', '22:00:00', 'kosong'),
(1901, 7, '2025-11-20', '08:00:00', '09:00:00', 'kosong'),
(1902, 7, '2025-11-20', '09:00:00', '10:00:00', 'kosong'),
(1903, 7, '2025-11-20', '10:00:00', '11:00:00', 'kosong'),
(1904, 7, '2025-11-20', '11:00:00', '12:00:00', 'kosong'),
(1905, 7, '2025-11-20', '12:00:00', '13:00:00', 'kosong'),
(1906, 7, '2025-11-20', '13:00:00', '14:00:00', 'kosong'),
(1907, 7, '2025-11-20', '14:00:00', '15:00:00', 'kosong'),
(1908, 7, '2025-11-20', '15:00:00', '16:00:00', 'kosong'),
(1909, 7, '2025-11-20', '16:00:00', '17:00:00', 'kosong'),
(1910, 7, '2025-11-20', '17:00:00', '18:00:00', 'kosong'),
(1911, 7, '2025-11-20', '18:00:00', '19:00:00', 'kosong'),
(1912, 7, '2025-11-20', '19:00:00', '20:00:00', 'kosong'),
(1913, 7, '2025-11-20', '20:00:00', '21:00:00', 'kosong'),
(1914, 7, '2025-11-20', '21:00:00', '22:00:00', 'kosong'),
(1915, 7, '2025-11-21', '08:00:00', '09:00:00', 'kosong'),
(1916, 7, '2025-11-21', '09:00:00', '10:00:00', 'kosong'),
(1917, 7, '2025-11-21', '10:00:00', '11:00:00', 'kosong'),
(1918, 7, '2025-11-21', '11:00:00', '12:00:00', 'terisi'),
(1919, 7, '2025-11-21', '12:00:00', '13:00:00', 'kosong'),
(1920, 7, '2025-11-21', '13:00:00', '14:00:00', 'kosong'),
(1921, 7, '2025-11-21', '14:00:00', '15:00:00', 'kosong'),
(1922, 7, '2025-11-21', '15:00:00', '16:00:00', 'kosong'),
(1923, 7, '2025-11-21', '16:00:00', '17:00:00', 'kosong'),
(1924, 7, '2025-11-21', '17:00:00', '18:00:00', 'kosong'),
(1925, 7, '2025-11-21', '18:00:00', '19:00:00', 'kosong'),
(1926, 7, '2025-11-21', '19:00:00', '20:00:00', 'kosong'),
(1927, 7, '2025-11-21', '20:00:00', '21:00:00', 'kosong'),
(1928, 7, '2025-11-21', '21:00:00', '22:00:00', 'kosong'),
(1929, 7, '2025-11-22', '08:00:00', '09:00:00', 'kosong'),
(1930, 7, '2025-11-22', '09:00:00', '10:00:00', 'kosong'),
(1931, 7, '2025-11-22', '10:00:00', '11:00:00', 'kosong'),
(1932, 7, '2025-11-22', '11:00:00', '12:00:00', 'kosong'),
(1933, 7, '2025-11-22', '12:00:00', '13:00:00', 'kosong'),
(1934, 7, '2025-11-22', '13:00:00', '14:00:00', 'kosong'),
(1935, 7, '2025-11-22', '14:00:00', '15:00:00', 'kosong'),
(1936, 7, '2025-11-22', '15:00:00', '16:00:00', 'kosong'),
(1937, 7, '2025-11-22', '16:00:00', '17:00:00', 'kosong'),
(1938, 7, '2025-11-22', '17:00:00', '18:00:00', 'kosong'),
(1939, 7, '2025-11-22', '18:00:00', '19:00:00', 'kosong'),
(1940, 7, '2025-11-22', '19:00:00', '20:00:00', 'kosong'),
(1941, 7, '2025-11-22', '20:00:00', '21:00:00', 'kosong'),
(1942, 7, '2025-11-22', '21:00:00', '22:00:00', 'kosong'),
(1943, 7, '2025-11-23', '08:00:00', '09:00:00', 'kosong'),
(1944, 7, '2025-11-23', '09:00:00', '10:00:00', 'kosong'),
(1945, 7, '2025-11-23', '10:00:00', '11:00:00', 'kosong'),
(1946, 7, '2025-11-23', '11:00:00', '12:00:00', 'kosong'),
(1947, 7, '2025-11-23', '12:00:00', '13:00:00', 'kosong'),
(1948, 7, '2025-11-23', '13:00:00', '14:00:00', 'kosong'),
(1949, 7, '2025-11-23', '14:00:00', '15:00:00', 'kosong'),
(1950, 7, '2025-11-23', '15:00:00', '16:00:00', 'kosong'),
(1951, 7, '2025-11-23', '16:00:00', '17:00:00', 'kosong'),
(1952, 7, '2025-11-23', '17:00:00', '18:00:00', 'kosong'),
(1953, 7, '2025-11-23', '18:00:00', '19:00:00', 'kosong'),
(1954, 7, '2025-11-23', '19:00:00', '20:00:00', 'kosong'),
(1955, 7, '2025-11-23', '20:00:00', '21:00:00', 'kosong'),
(1956, 7, '2025-11-23', '21:00:00', '22:00:00', 'kosong'),
(1957, 7, '2025-11-27', '08:00:00', '09:00:00', 'kosong'),
(1958, 7, '2025-11-27', '09:00:00', '10:00:00', 'kosong'),
(1959, 7, '2025-11-27', '10:00:00', '11:00:00', 'kosong'),
(1960, 7, '2025-11-27', '11:00:00', '12:00:00', 'kosong'),
(1961, 7, '2025-11-27', '12:00:00', '13:00:00', 'kosong'),
(1962, 7, '2025-11-27', '13:00:00', '14:00:00', 'kosong'),
(1963, 7, '2025-11-27', '14:00:00', '15:00:00', 'kosong'),
(1964, 7, '2025-11-27', '15:00:00', '16:00:00', 'kosong'),
(1965, 7, '2025-11-27', '16:00:00', '17:00:00', 'kosong'),
(1966, 7, '2025-11-27', '17:00:00', '18:00:00', 'kosong'),
(1967, 7, '2025-11-27', '18:00:00', '19:00:00', 'kosong'),
(1968, 7, '2025-11-27', '19:00:00', '20:00:00', 'kosong'),
(1969, 7, '2025-11-27', '20:00:00', '21:00:00', 'kosong'),
(1970, 7, '2025-11-27', '21:00:00', '22:00:00', 'kosong'),
(1971, 7, '2025-11-28', '08:00:00', '09:00:00', 'kosong'),
(1972, 7, '2025-11-28', '09:00:00', '10:00:00', 'kosong'),
(1973, 7, '2025-11-28', '10:00:00', '11:00:00', 'kosong'),
(1974, 7, '2025-11-28', '11:00:00', '12:00:00', 'kosong'),
(1975, 7, '2025-11-28', '12:00:00', '13:00:00', 'kosong'),
(1976, 7, '2025-11-28', '13:00:00', '14:00:00', 'kosong'),
(1977, 7, '2025-11-28', '14:00:00', '15:00:00', 'kosong'),
(1978, 7, '2025-11-28', '15:00:00', '16:00:00', 'kosong'),
(1979, 7, '2025-11-28', '16:00:00', '17:00:00', 'kosong'),
(1980, 7, '2025-11-28', '17:00:00', '18:00:00', 'kosong'),
(1981, 7, '2025-11-28', '18:00:00', '19:00:00', 'kosong'),
(1982, 7, '2025-11-28', '19:00:00', '20:00:00', 'kosong'),
(1983, 7, '2025-11-28', '20:00:00', '21:00:00', 'kosong'),
(1984, 7, '2025-11-28', '21:00:00', '22:00:00', 'kosong'),
(1985, 7, '2025-11-29', '08:00:00', '09:00:00', 'kosong'),
(1986, 7, '2025-11-29', '09:00:00', '10:00:00', 'kosong'),
(1987, 7, '2025-11-29', '10:00:00', '11:00:00', 'kosong'),
(1988, 7, '2025-11-29', '11:00:00', '12:00:00', 'kosong'),
(1989, 7, '2025-11-29', '12:00:00', '13:00:00', 'kosong'),
(1990, 7, '2025-11-29', '13:00:00', '14:00:00', 'kosong'),
(1991, 7, '2025-11-29', '14:00:00', '15:00:00', 'kosong'),
(1992, 7, '2025-11-29', '15:00:00', '16:00:00', 'kosong'),
(1993, 7, '2025-11-29', '16:00:00', '17:00:00', 'kosong'),
(1994, 7, '2025-11-29', '17:00:00', '18:00:00', 'kosong'),
(1995, 7, '2025-11-29', '18:00:00', '19:00:00', 'kosong'),
(1996, 7, '2025-11-29', '19:00:00', '20:00:00', 'kosong'),
(1997, 7, '2025-11-29', '20:00:00', '21:00:00', 'kosong'),
(1998, 7, '2025-11-29', '21:00:00', '22:00:00', 'kosong'),
(1999, 7, '2025-11-30', '08:00:00', '09:00:00', 'kosong'),
(2000, 7, '2025-11-30', '09:00:00', '10:00:00', 'kosong'),
(2001, 7, '2025-11-30', '10:00:00', '11:00:00', 'kosong'),
(2002, 7, '2025-11-30', '11:00:00', '12:00:00', 'kosong'),
(2003, 7, '2025-11-30', '12:00:00', '13:00:00', 'kosong'),
(2004, 7, '2025-11-30', '13:00:00', '14:00:00', 'kosong'),
(2005, 7, '2025-11-30', '14:00:00', '15:00:00', 'kosong'),
(2006, 7, '2025-11-30', '15:00:00', '16:00:00', 'kosong'),
(2007, 7, '2025-11-30', '16:00:00', '17:00:00', 'kosong'),
(2008, 7, '2025-11-30', '17:00:00', '18:00:00', 'kosong'),
(2009, 7, '2025-11-30', '18:00:00', '19:00:00', 'kosong'),
(2010, 7, '2025-11-30', '19:00:00', '20:00:00', 'kosong'),
(2011, 7, '2025-11-30', '20:00:00', '21:00:00', 'kosong'),
(2012, 7, '2025-11-30', '21:00:00', '22:00:00', 'kosong'),
(2013, 7, '2025-12-04', '08:00:00', '09:00:00', 'kosong'),
(2014, 7, '2025-12-04', '09:00:00', '10:00:00', 'kosong'),
(2015, 7, '2025-12-04', '10:00:00', '11:00:00', 'kosong'),
(2016, 7, '2025-12-04', '11:00:00', '12:00:00', 'kosong'),
(2017, 7, '2025-12-04', '12:00:00', '13:00:00', 'kosong'),
(2018, 7, '2025-12-04', '13:00:00', '14:00:00', 'kosong'),
(2019, 7, '2025-12-04', '14:00:00', '15:00:00', 'kosong'),
(2020, 7, '2025-12-04', '15:00:00', '16:00:00', 'kosong'),
(2021, 7, '2025-12-04', '16:00:00', '17:00:00', 'kosong'),
(2022, 7, '2025-12-04', '17:00:00', '18:00:00', 'kosong'),
(2023, 7, '2025-12-04', '18:00:00', '19:00:00', 'kosong'),
(2024, 7, '2025-12-04', '19:00:00', '20:00:00', 'kosong'),
(2025, 7, '2025-12-04', '20:00:00', '21:00:00', 'kosong'),
(2026, 7, '2025-12-04', '21:00:00', '22:00:00', 'kosong'),
(2027, 7, '2025-12-05', '08:00:00', '09:00:00', 'kosong'),
(2028, 7, '2025-12-05', '09:00:00', '10:00:00', 'kosong'),
(2029, 7, '2025-12-05', '10:00:00', '11:00:00', 'kosong'),
(2030, 7, '2025-12-05', '11:00:00', '12:00:00', 'kosong'),
(2031, 7, '2025-12-05', '12:00:00', '13:00:00', 'kosong'),
(2032, 7, '2025-12-05', '13:00:00', '14:00:00', 'kosong'),
(2033, 7, '2025-12-05', '14:00:00', '15:00:00', 'kosong'),
(2034, 7, '2025-12-05', '15:00:00', '16:00:00', 'kosong'),
(2035, 7, '2025-12-05', '16:00:00', '17:00:00', 'kosong'),
(2036, 7, '2025-12-05', '17:00:00', '18:00:00', 'kosong'),
(2037, 7, '2025-12-05', '18:00:00', '19:00:00', 'kosong'),
(2038, 7, '2025-12-05', '19:00:00', '20:00:00', 'kosong'),
(2039, 7, '2025-12-05', '20:00:00', '21:00:00', 'kosong'),
(2040, 7, '2025-12-05', '21:00:00', '22:00:00', 'kosong'),
(2041, 7, '2025-12-06', '08:00:00', '09:00:00', 'kosong'),
(2042, 7, '2025-12-06', '09:00:00', '10:00:00', 'kosong'),
(2043, 7, '2025-12-06', '10:00:00', '11:00:00', 'kosong'),
(2044, 7, '2025-12-06', '11:00:00', '12:00:00', 'kosong'),
(2045, 7, '2025-12-06', '12:00:00', '13:00:00', 'kosong'),
(2046, 7, '2025-12-06', '13:00:00', '14:00:00', 'kosong'),
(2047, 7, '2025-12-06', '14:00:00', '15:00:00', 'kosong'),
(2048, 7, '2025-12-06', '15:00:00', '16:00:00', 'kosong'),
(2049, 7, '2025-12-06', '16:00:00', '17:00:00', 'kosong'),
(2050, 7, '2025-12-06', '17:00:00', '18:00:00', 'kosong'),
(2051, 7, '2025-12-06', '18:00:00', '19:00:00', 'kosong'),
(2052, 7, '2025-12-06', '19:00:00', '20:00:00', 'kosong'),
(2053, 7, '2025-12-06', '20:00:00', '21:00:00', 'kosong'),
(2054, 7, '2025-12-06', '21:00:00', '22:00:00', 'kosong'),
(2055, 7, '2025-12-07', '08:00:00', '09:00:00', 'kosong'),
(2056, 7, '2025-12-07', '09:00:00', '10:00:00', 'kosong'),
(2057, 7, '2025-12-07', '10:00:00', '11:00:00', 'kosong'),
(2058, 7, '2025-12-07', '11:00:00', '12:00:00', 'kosong'),
(2059, 7, '2025-12-07', '12:00:00', '13:00:00', 'kosong'),
(2060, 7, '2025-12-07', '13:00:00', '14:00:00', 'kosong'),
(2061, 7, '2025-12-07', '14:00:00', '15:00:00', 'kosong'),
(2062, 7, '2025-12-07', '15:00:00', '16:00:00', 'kosong'),
(2063, 7, '2025-12-07', '16:00:00', '17:00:00', 'kosong'),
(2064, 7, '2025-12-07', '17:00:00', '18:00:00', 'kosong'),
(2065, 7, '2025-12-07', '18:00:00', '19:00:00', 'kosong'),
(2066, 7, '2025-12-07', '19:00:00', '20:00:00', 'kosong'),
(2067, 7, '2025-12-07', '20:00:00', '21:00:00', 'kosong'),
(2068, 7, '2025-12-07', '21:00:00', '22:00:00', 'kosong'),
(2069, 7, '2025-12-11', '08:00:00', '09:00:00', 'kosong'),
(2070, 7, '2025-12-11', '09:00:00', '10:00:00', 'kosong'),
(2071, 7, '2025-12-11', '10:00:00', '11:00:00', 'kosong'),
(2072, 7, '2025-12-11', '11:00:00', '12:00:00', 'kosong'),
(2073, 7, '2025-12-11', '12:00:00', '13:00:00', 'kosong'),
(2074, 7, '2025-12-11', '13:00:00', '14:00:00', 'kosong'),
(2075, 7, '2025-12-11', '14:00:00', '15:00:00', 'kosong'),
(2076, 7, '2025-12-11', '15:00:00', '16:00:00', 'kosong'),
(2077, 7, '2025-12-11', '16:00:00', '17:00:00', 'kosong'),
(2078, 7, '2025-12-11', '17:00:00', '18:00:00', 'kosong'),
(2079, 7, '2025-12-11', '18:00:00', '19:00:00', 'kosong'),
(2080, 7, '2025-12-11', '19:00:00', '20:00:00', 'kosong'),
(2081, 7, '2025-12-11', '20:00:00', '21:00:00', 'kosong'),
(2082, 7, '2025-12-11', '21:00:00', '22:00:00', 'kosong'),
(2083, 7, '2025-12-12', '08:00:00', '09:00:00', 'kosong'),
(2084, 7, '2025-12-12', '09:00:00', '10:00:00', 'kosong'),
(2085, 7, '2025-12-12', '10:00:00', '11:00:00', 'kosong'),
(2086, 7, '2025-12-12', '11:00:00', '12:00:00', 'kosong'),
(2087, 7, '2025-12-12', '12:00:00', '13:00:00', 'kosong'),
(2088, 7, '2025-12-12', '13:00:00', '14:00:00', 'kosong'),
(2089, 7, '2025-12-12', '14:00:00', '15:00:00', 'kosong'),
(2090, 7, '2025-12-12', '15:00:00', '16:00:00', 'kosong'),
(2091, 7, '2025-12-12', '16:00:00', '17:00:00', 'kosong'),
(2092, 7, '2025-12-12', '17:00:00', '18:00:00', 'kosong'),
(2093, 7, '2025-12-12', '18:00:00', '19:00:00', 'kosong'),
(2094, 7, '2025-12-12', '19:00:00', '20:00:00', 'kosong'),
(2095, 7, '2025-12-12', '20:00:00', '21:00:00', 'kosong'),
(2096, 7, '2025-12-12', '21:00:00', '22:00:00', 'kosong'),
(2097, 7, '2025-12-13', '08:00:00', '09:00:00', 'kosong'),
(2098, 7, '2025-12-13', '09:00:00', '10:00:00', 'kosong'),
(2099, 7, '2025-12-13', '10:00:00', '11:00:00', 'kosong'),
(2100, 7, '2025-12-13', '11:00:00', '12:00:00', 'kosong'),
(2101, 7, '2025-12-13', '12:00:00', '13:00:00', 'kosong'),
(2102, 7, '2025-12-13', '13:00:00', '14:00:00', 'kosong'),
(2103, 7, '2025-12-13', '14:00:00', '15:00:00', 'kosong'),
(2104, 7, '2025-12-13', '15:00:00', '16:00:00', 'kosong'),
(2105, 7, '2025-12-13', '16:00:00', '17:00:00', 'kosong'),
(2106, 7, '2025-12-13', '17:00:00', '18:00:00', 'kosong'),
(2107, 7, '2025-12-13', '18:00:00', '19:00:00', 'kosong'),
(2108, 7, '2025-12-13', '19:00:00', '20:00:00', 'kosong'),
(2109, 7, '2025-12-13', '20:00:00', '21:00:00', 'kosong'),
(2110, 7, '2025-12-13', '21:00:00', '22:00:00', 'kosong'),
(2111, 7, '2025-12-14', '08:00:00', '09:00:00', 'kosong'),
(2112, 7, '2025-12-14', '09:00:00', '10:00:00', 'kosong'),
(2113, 7, '2025-12-14', '10:00:00', '11:00:00', 'kosong'),
(2114, 7, '2025-12-14', '11:00:00', '12:00:00', 'kosong'),
(2115, 7, '2025-12-14', '12:00:00', '13:00:00', 'kosong'),
(2116, 7, '2025-12-14', '13:00:00', '14:00:00', 'kosong'),
(2117, 7, '2025-12-14', '14:00:00', '15:00:00', 'kosong'),
(2118, 7, '2025-12-14', '15:00:00', '16:00:00', 'kosong'),
(2119, 7, '2025-12-14', '16:00:00', '17:00:00', 'kosong'),
(2120, 7, '2025-12-14', '17:00:00', '18:00:00', 'kosong'),
(2121, 7, '2025-12-14', '18:00:00', '19:00:00', 'kosong'),
(2122, 7, '2025-12-14', '19:00:00', '20:00:00', 'kosong'),
(2123, 7, '2025-12-14', '20:00:00', '21:00:00', 'kosong'),
(2124, 7, '2025-12-14', '21:00:00', '22:00:00', 'kosong');

-- --------------------------------------------------------

--
-- Table structure for table `log_reservasi`
--

CREATE TABLE `log_reservasi` (
  `id_log` int NOT NULL,
  `id_reservasi` int NOT NULL,
  `id_notifikasi` int DEFAULT NULL,
  `waktu_perubahan` datetime DEFAULT CURRENT_TIMESTAMP,
  `status_awal` varchar(50) DEFAULT NULL,
  `status_baru` varchar(50) DEFAULT NULL,
  `keterangan` varchar(255) DEFAULT NULL
) ENGINE=InnoDB DEFAULT CHARSET=utf8mb4 COLLATE=utf8mb4_0900_ai_ci;

--
-- Dumping data for table `log_reservasi`
--

INSERT INTO `log_reservasi` (`id_log`, `id_reservasi`, `id_notifikasi`, `waktu_perubahan`, `status_awal`, `status_baru`, `keterangan`) VALUES
(1, 100, NULL, '2025-11-20 15:37:06', 'booking', 'disetujui', NULL),
(2, 100, NULL, '2025-11-20 15:37:14', 'disetujui', 'ditolak', NULL),
(3, 111, NULL, '2025-11-20 19:27:14', 'menunggu', 'disetujui', NULL);

-- --------------------------------------------------------

--
-- Table structure for table `notifikasi`
--

CREATE TABLE `notifikasi` (
  `id_notifikasi` int NOT NULL,
  `id_user` int NOT NULL,
  `jenis_notif` enum('pengingat','status','sistem') NOT NULL,
  `isi_pesan` varchar(255) DEFAULT NULL,
  `waktu_kirim` datetime DEFAULT CURRENT_TIMESTAMP,
  `tanggal_notifikasi` timestamp NULL DEFAULT CURRENT_TIMESTAMP,
  `judul` varchar(255) NOT NULL DEFAULT '',
  `tipe` varchar(50) NOT NULL DEFAULT '',
  `dibaca` tinyint(1) DEFAULT '0'
) ENGINE=InnoDB DEFAULT CHARSET=utf8mb4 COLLATE=utf8mb4_0900_ai_ci;

--
-- Dumping data for table `notifikasi`
--

INSERT INTO `notifikasi` (`id_notifikasi`, `id_user`, `jenis_notif`, `isi_pesan`, `waktu_kirim`, `tanggal_notifikasi`, `judul`, `tipe`, `dibaca`) VALUES
(40, 2, 'status', 'Pembayaran Anda untuk arena TORI telah dikonfirmasi. Booking Anda sekarang aktif.', '2025-11-20 08:35:31', '2025-11-20 01:35:31', 'Pembayaran Dikonfirmasi', 'payment', 0),
(41, 2, 'status', 'Pembayaran Anda untuk arena FFF telah dikonfirmasi. Booking Anda sekarang aktif.', '2025-11-20 09:01:28', '2025-11-20 02:01:28', 'Pembayaran Dikonfirmasi', 'payment', 0),
(42, 2, 'status', 'Pembayaran Anda untuk arena SANGKA telah dikonfirmasi. Booking Anda sekarang aktif.', '2025-11-20 09:01:29', '2025-11-20 02:01:29', 'Pembayaran Dikonfirmasi', 'payment', 0),
(43, 2, 'status', 'Pembayaran Anda untuk arena FFF telah dikonfirmasi. Booking Anda sekarang aktif.', '2025-11-20 09:01:29', '2025-11-20 02:01:29', 'Pembayaran Dikonfirmasi', 'payment', 0),
(44, 2, 'status', 'Pembayaran Anda untuk arena TORI ditolak. Ditolak oleh admin', '2025-11-20 09:01:31', '2025-11-20 02:01:31', 'Pembayaran Ditolak', 'payment', 0),
(45, 2, 'status', 'Maaf, booking Anda untuk arena FFF ditolak.', '2025-11-20 15:30:50', '2025-11-20 08:30:50', 'Status Booking: DITOLAK', 'booking', 0),
(46, 2, 'status', 'Terima kasih telah bermain di FFF.', '2025-11-20 15:31:10', '2025-11-20 08:31:10', 'Status Booking: SELESAI', 'booking', 0),
(47, 2, 'status', 'Booking Anda untuk arena FFF telah disetujui.', '2025-11-20 15:37:05', '2025-11-20 08:37:05', 'Status Booking: DISETUJUI', 'booking', 0),
(48, 2, 'status', 'Maaf, booking Anda untuk arena FFF ditolak.', '2025-11-20 15:37:13', '2025-11-20 08:37:13', 'Status Booking: DITOLAK', 'booking', 0),
(49, 15, 'status', 'Pembayaran Anda untuk arena SANGKA telah dikonfirmasi. Booking Anda sekarang aktif.', '2025-11-20 16:01:03', '2025-11-20 09:01:03', 'Pembayaran Dikonfirmasi', 'payment', 0),
(50, 16, 'status', 'Pembayaran Anda untuk arena SANGKA telah dikonfirmasi. Booking Anda sekarang aktif.', '2025-11-20 19:27:00', '2025-11-20 12:27:00', 'Pembayaran Dikonfirmasi', 'payment', 0),
(51, 16, 'status', 'Booking Anda untuk arena SANGKA telah disetujui.', '2025-11-20 19:27:14', '2025-11-20 12:27:14', 'Status Booking: DISETUJUI', 'booking', 0),
(52, 16, 'status', 'Pembayaran Anda untuk arena SANGKA telah dikonfirmasi. Booking Anda sekarang aktif.', '2025-11-20 20:07:55', '2025-11-20 13:07:55', 'Pembayaran Dikonfirmasi', 'payment', 0),
(53, 2, 'status', 'Pembayaran Anda untuk arena TORI ditolak karena batas waktu upload bukti (20 menit) telah habis dan data pembayaran tidak lengkap.', '2025-11-21 00:34:35', '2025-11-20 17:34:35', 'Pembayaran Ditolak (Waktu Upload Habis)', 'payment', 0),
(54, 16, 'status', 'Pembayaran Anda untuk arena FFF ditolak. Ditolak oleh admin', '2025-11-21 01:01:44', '2025-11-20 18:01:44', 'Pembayaran Ditolak', 'payment', 0),
(55, 16, 'status', 'Pembayaran Anda untuk arena GUAS ditolak. Ditolak oleh admin', '2025-11-21 01:01:45', '2025-11-20 18:01:45', 'Pembayaran Ditolak', 'payment', 0),
(56, 2, 'status', 'Pembayaran Anda untuk arena FFF ditolak karena batas waktu upload bukti (20 menit) telah habis dan data pembayaran tidak lengkap.', '2025-11-21 01:26:01', '2025-11-20 18:26:01', 'Pembayaran Ditolak (Waktu Upload Habis)', 'payment', 0),
(57, 16, 'status', 'Pembayaran Anda untuk arena TORI ditolak karena batas waktu upload bukti (20 menit) telah habis dan data pembayaran tidak lengkap.', '2025-11-21 01:26:01', '2025-11-20 18:26:01', 'Pembayaran Ditolak (Waktu Upload Habis)', 'payment', 0),
(58, 2, 'status', 'Pembayaran Anda untuk arena TORI ditolak karena batas waktu upload bukti (20 menit) telah habis dan data pembayaran tidak lengkap.', '2025-11-21 01:26:01', '2025-11-20 18:26:01', 'Pembayaran Ditolak (Waktu Upload Habis)', 'payment', 0),
(59, 2, 'status', 'Pembayaran Anda untuk arena GARUDA telah dikonfirmasi. Booking Anda sekarang aktif.', '2025-11-21 09:22:01', '2025-11-21 02:22:01', 'Pembayaran Dikonfirmasi', 'payment', 0);

-- --------------------------------------------------------

--
-- Table structure for table `pembayaran`
--

CREATE TABLE `pembayaran` (
  `id_pembayaran` int NOT NULL,
  `id_reservasi` int NOT NULL,
  `metode_pembayaran` enum('cod','transaksi') CHARACTER SET utf8mb4 COLLATE utf8mb4_0900_ai_ci DEFAULT NULL,
  `status_pembayaran` enum('pending','uploaded','paid','confirmed','gagal','unpaid','rejected') NOT NULL DEFAULT 'unpaid',
  `jumlah` decimal(10,2) NOT NULL,
  `tanggal_pembayaran` datetime DEFAULT CURRENT_TIMESTAMP,
  `bukti_pembayaran` varchar(255) DEFAULT NULL,
  `status_bukti` enum('pending','uploaded') DEFAULT 'pending',
  `catatan_admin` text,
  `konfirmasi_admin` tinyint(1) DEFAULT '0',
  `expired_at` datetime DEFAULT NULL,
  `snap_token` varchar(255) DEFAULT NULL,
  `external_id` varchar(255) DEFAULT NULL,
  `deadline_pembayaran` datetime DEFAULT NULL,
  `rekening_tujuan` varchar(255) DEFAULT NULL,
  `created_at` datetime DEFAULT NULL,
  `updated_at` datetime DEFAULT NULL
) ENGINE=InnoDB DEFAULT CHARSET=utf8mb4 COLLATE=utf8mb4_0900_ai_ci;

--
-- Dumping data for table `pembayaran`
--

INSERT INTO `pembayaran` (`id_pembayaran`, `id_reservasi`, `metode_pembayaran`, `status_pembayaran`, `jumlah`, `tanggal_pembayaran`, `bukti_pembayaran`, `status_bukti`, `catatan_admin`, `konfirmasi_admin`, `expired_at`, `snap_token`, `external_id`, `deadline_pembayaran`, `rekening_tujuan`, `created_at`, `updated_at`) VALUES
(46, 99, 'transaksi', 'confirmed', 70000.00, '2025-11-20 08:27:27', 'bukti_1763602047419-696062930.png', 'uploaded', NULL, 1, NULL, NULL, NULL, NULL, NULL, '2025-11-20 08:27:12', '2025-11-20 08:35:31'),
(47, 100, 'transaksi', 'rejected', 75000.00, '2025-11-20 08:37:11', NULL, 'pending', 'Pembayaran ditolak (waktu upload bukti 20 menit habis).', 0, NULL, NULL, NULL, NULL, NULL, '2025-11-20 08:37:11', '2025-11-21 01:26:01'),
(48, 101, 'cod', 'unpaid', 75000.00, '2025-11-20 08:37:23', NULL, 'pending', NULL, 0, NULL, NULL, NULL, NULL, NULL, '2025-11-20 08:37:23', '2025-11-20 08:37:23'),
(49, 102, 'transaksi', 'rejected', 70000.00, '2025-11-20 09:01:02', 'bukti_1763604061832-80918821.png', 'uploaded', 'Ditolak oleh admin', 1, NULL, NULL, NULL, NULL, NULL, '2025-11-20 08:45:50', '2025-11-20 09:01:31'),
(50, 103, 'transaksi', 'confirmed', 75000.00, '2025-11-20 09:00:55', 'bukti_1763604055399-238432109.jpg', 'uploaded', NULL, 1, NULL, NULL, NULL, NULL, NULL, '2025-11-20 08:47:18', '2025-11-20 09:01:29'),
(51, 104, 'transaksi', 'confirmed', 80000.00, '2025-11-20 09:00:43', 'bukti_1763604043470-639950537.jpg', 'uploaded', NULL, 1, NULL, NULL, NULL, NULL, NULL, '2025-11-20 08:52:18', '2025-11-20 09:01:29'),
(52, 105, 'transaksi', 'confirmed', 75000.00, '2025-11-20 09:00:38', 'bukti_1763604037630-876660979.jpg', 'uploaded', NULL, 1, NULL, NULL, NULL, NULL, NULL, '2025-11-20 08:59:44', '2025-11-20 09:01:28'),
(56, 109, 'transaksi', 'confirmed', 80000.00, '2025-11-20 16:00:09', 'bukti_1763629209136-545746748.jpg', 'uploaded', NULL, 1, NULL, NULL, NULL, NULL, NULL, '2025-11-20 16:00:00', '2025-11-20 16:01:03'),
(57, 110, 'transaksi', 'confirmed', 80000.00, '2025-11-20 19:24:19', 'bukti_1763641458523-513676275.png', 'uploaded', NULL, 1, NULL, NULL, NULL, NULL, NULL, '2025-11-20 19:14:24', '2025-11-20 19:27:00'),
(58, 111, 'cod', 'unpaid', 80000.00, '2025-11-20 19:26:07', NULL, 'pending', NULL, 0, NULL, NULL, NULL, NULL, NULL, '2025-11-20 19:26:07', '2025-11-20 19:26:07'),
(59, 112, 'transaksi', 'confirmed', 80000.00, '2025-11-20 20:05:31', 'bukti_1763643931328-605707975.jpg', 'uploaded', NULL, 1, NULL, NULL, NULL, NULL, NULL, '2025-11-20 19:59:42', '2025-11-20 20:07:55'),
(60, 113, 'transaksi', 'rejected', 75000.00, '2025-11-20 20:25:28', 'bukti_1763645127760-309922665.jpg', 'uploaded', 'Ditolak oleh admin', 1, NULL, NULL, NULL, NULL, NULL, '2025-11-20 20:13:36', '2025-11-21 01:01:44'),
(61, 114, 'transaksi', 'rejected', 70000.00, '2025-11-20 20:25:50', NULL, 'pending', 'Pembayaran ditolak (waktu upload bukti 20 menit habis).', 0, NULL, NULL, NULL, NULL, NULL, '2025-11-20 20:25:50', '2025-11-21 01:26:01'),
(62, 115, 'transaksi', 'rejected', 20000.00, '2025-11-20 22:17:03', 'bukti_1763651823049-699962750.jpg', 'uploaded', 'Ditolak oleh admin', 1, NULL, NULL, NULL, NULL, NULL, '2025-11-20 22:16:47', '2025-11-21 01:01:45'),
(63, 116, 'transaksi', 'rejected', 20000.00, '2025-11-21 00:14:21', NULL, 'pending', 'Pembayaran ditolak (waktu upload bukti 20 menit habis).', 0, NULL, NULL, NULL, NULL, NULL, '2025-11-21 00:14:21', '2025-11-21 01:26:01'),
(64, 117, 'transaksi', 'unpaid', 20000.00, '2025-11-21 09:15:27', NULL, 'pending', NULL, 0, NULL, NULL, NULL, NULL, NULL, '2025-11-21 09:15:27', '2025-11-21 09:15:27'),
(65, 118, 'transaksi', 'confirmed', 20000.00, '2025-11-21 09:21:33', 'bukti_1763691693206-412085374.jpg', 'uploaded', NULL, 1, NULL, NULL, NULL, NULL, NULL, '2025-11-21 09:19:20', '2025-11-21 09:22:01'),
(66, 119, 'transaksi', 'unpaid', 20000.00, '2025-11-21 09:25:12', NULL, 'pending', NULL, 0, NULL, NULL, NULL, NULL, NULL, '2025-11-21 09:25:12', '2025-11-21 09:25:12'),
(67, 120, 'transaksi', 'unpaid', 20000.00, '2025-11-21 09:26:44', NULL, 'pending', NULL, 0, NULL, NULL, NULL, NULL, NULL, '2025-11-21 09:26:44', '2025-11-21 09:26:44');

-- --------------------------------------------------------

--
-- Table structure for table `reservasi`
--

CREATE TABLE `reservasi` (
  `id_reservasi` int NOT NULL,
  `id_user` int NOT NULL,
  `id_arena` int NOT NULL,
  `id_jadwal` int NOT NULL,
  `tanggal_pesan` datetime DEFAULT CURRENT_TIMESTAMP,
  `status` enum('booking','menunggu','disetujui','batal','selesai','ditolak') NOT NULL DEFAULT 'booking',
  `catatan` varchar(255) DEFAULT NULL
) ENGINE=InnoDB DEFAULT CHARSET=utf8mb4 COLLATE=utf8mb4_0900_ai_ci;

--
-- Dumping data for table `reservasi`
--

INSERT INTO `reservasi` (`id_reservasi`, `id_user`, `id_arena`, `id_jadwal`, `tanggal_pesan`, `status`, `catatan`) VALUES
(99, 2, 6, 1348, '2025-11-20 08:27:12', 'selesai', NULL),
(100, 2, 3, 1130, '2025-11-20 08:37:10', 'booking', ''),
(101, 2, 3, 1091, '2025-11-20 08:37:23', 'booking', NULL),
(102, 2, 6, 1361, '2025-11-20 08:45:49', 'booking', NULL),
(103, 2, 3, 1092, '2025-11-20 08:47:17', 'selesai', NULL),
(104, 2, 5, 281, '2025-11-20 08:52:17', 'disetujui', NULL),
(105, 2, 3, 1091, '2025-11-20 08:59:44', 'selesai', ''),
(109, 15, 5, 282, '2025-11-20 15:59:59', 'disetujui', NULL),
(110, 16, 5, 295, '2025-11-20 19:14:23', 'disetujui', NULL),
(111, 16, 5, 296, '2025-11-20 19:26:06', 'disetujui', ''),
(112, 16, 5, 278, '2025-11-20 19:59:41', 'selesai', NULL),
(113, 16, 3, 1103, '2025-11-20 20:13:36', 'booking', NULL),
(114, 16, 6, 1360, '2025-11-20 20:25:50', 'booking', NULL),
(115, 16, 9, 1677, '2025-11-20 22:16:47', 'booking', NULL),
(116, 2, 6, 1361, '2025-11-21 00:14:21', 'booking', NULL),
(117, 2, 9, 1676, '2025-11-21 09:15:27', 'menunggu', NULL),
(118, 2, 7, 1918, '2025-11-21 09:19:20', 'disetujui', NULL),
(119, 2, 6, 1364, '2025-11-21 09:25:12', 'menunggu', NULL),
(120, 17, 6, 1365, '2025-11-21 09:26:44', 'menunggu', NULL);

-- --------------------------------------------------------

--
-- Table structure for table `ulasan`
--

CREATE TABLE `ulasan` (
  `id_ulasan` int NOT NULL,
  `id_user` int NOT NULL,
  `id_reservasi` int NOT NULL,
  `rating` int NOT NULL,
  `komentar` text,
  `tanggal_ulasan` timestamp NULL DEFAULT CURRENT_TIMESTAMP
) ;

--
-- Dumping data for table `ulasan`
--

INSERT INTO `ulasan` (`id_ulasan`, `id_user`, `id_reservasi`, `rating`, `komentar`, `tanggal_ulasan`) VALUES
(9, 16, 112, 5, 'bagus bersih', '2025-11-20 15:17:31'),
(10, 2, 105, 3, 'sangat lucu', '2025-11-20 17:49:18'),
(11, 2, 103, 4, 'bagus', '2025-11-20 17:50:04'),
(12, 2, 99, 4, 'bagus bangttt', '2025-11-20 17:50:37'),
(13, 2, 99, 4, 'keren', '2025-11-20 17:50:56');

-- --------------------------------------------------------

--
-- Table structure for table `users`
--

CREATE TABLE `users` (
  `id_user` int NOT NULL,
  `nama` varchar(100) NOT NULL,
  `email` varchar(100) NOT NULL,
  `password_hash` varchar(255) NOT NULL,
  `role` enum('admin','pemain') DEFAULT 'pemain',
  `no_hp` varchar(20) DEFAULT NULL,
  `status` enum('aktif','nonaktif') NOT NULL DEFAULT 'aktif',
  `tanggal_daftar` datetime DEFAULT CURRENT_TIMESTAMP,
  `reset_token` varchar(255) DEFAULT NULL,
  `reset_token_expires` datetime DEFAULT NULL
) ENGINE=InnoDB DEFAULT CHARSET=utf8mb4 COLLATE=utf8mb4_0900_ai_ci;

--
-- Dumping data for table `users`
--

INSERT INTO `users` (`id_user`, `nama`, `email`, `password_hash`, `role`, `no_hp`, `status`, `tanggal_daftar`, `reset_token`, `reset_token_expires`) VALUES
(1, 'a', 'ainur@gmail.com', '$2b$10$gp/Zt6tMNBuCXymdb3ouFOCWCuTOQqy/N0bZFO019/3Wdi8RkErHu', 'admin', '8979787', 'nonaktif', '2025-10-28 05:10:42', NULL, NULL),
(2, 'aaa', 'Alifia@gmail.com', '$2b$10$3yelDhOnWxkF8bWVh.c.lOMwZrqsPg/8ISlA1CIbj5gpoM74QpAb6', 'pemain', '64646464', 'aktif', '2025-10-28 05:15:20', NULL, NULL),
(3, 'aiii', 'aiii@gmail.com', '$2b$10$rgrcUC9eaKpIysQEAAS62.18LUzEFVI1OdQrJIElFxLi2aDoiaSby', 'pemain', '099988', 'nonaktif', '2025-10-28 14:58:29', NULL, NULL),
(4, 'aji', 'aji@gmail.com', '$2b$10$Rq6RXbC3FetbMP76TTFJrOfSDeA2/QDgdYgm/vapM93c3Gfd393BK', 'admin', '09875541', 'aktif', '2025-10-30 11:07:00', NULL, NULL),
(5, 'aa', 'aaa@gmail.com', '$2b$10$fo1DKAQ95ZQ2tSc0DgKYG.vETTumLw8Gx26HFN0dIm7ssgpFJhKU2', 'admin', '89000', 'aktif', '2025-10-30 11:39:45', NULL, NULL),
(6, 'alya', 'alya@gmail.com', '$2b$10$oldxVfwI3MgRcWpVOqkJce2dsWnJvJqC.YFlmpgbfWZXMvnwQgGRS', 'admin', '08767679', 'aktif', '2025-10-30 17:16:10', NULL, NULL),
(7, 'ila', 'ila@gmail.com', '$2b$10$6Nt4QeEjYHoYVJazmCHF3uFWmV3VWWRwR.EsrW07JKDPowxOhtpj2', 'pemain', '0875', 'aktif', '2025-10-30 21:38:22', NULL, NULL),
(8, 'aliyah', 'aliyah@gmail.com', '$2b$10$qYehYlbdSlUYwb6IsGo3g.0CJcXc0VwfUesEJBBRUdzk8BXBbvYRW', 'pemain', '0867724375', 'aktif', '2025-10-31 09:57:46', NULL, NULL),
(11, 'Test User', 'test@example.com', '$2b$10$dXbhptLGj3lWM9UdIBpeNOwdjfp/1eviWnVTiBa/oI1Gbetgw0oYq', 'pemain', '081234567890', 'aktif', '2025-11-16 13:18:44', NULL, NULL),
(12, 'ainurrr', 'ali@gmail.com', '$2b$10$NlSbmCcaZU1Lqf/O6Hmaeez0ID6OgNPU9dRGdyN8vAN0hYkT/ct2y', 'pemain', '20572075037', 'aktif', '2025-11-20 14:28:49', NULL, NULL),
(13, 'aaaa', 'aa@gmail.com', '$2b$10$ygorvem/VHn3mLf7ChXFRONTw7Cy73a3Cf3n.euMseF5azJfaoMRC', 'pemain', '364346', 'nonaktif', '2025-11-20 14:42:44', NULL, NULL),
(14, 'ala', 'ala@gmail.com', '$2b$10$FNlxv1jWgUGd5jKn/wV2huMphMvqy8tbMgsSSvMx.oG/9FcW0.a1i', 'admin', '5253252', 'aktif', '2025-11-20 14:47:45', NULL, NULL),
(15, 'alam', 'alam@gmail.com', '$2b$10$UyPy7qURwcck/Hu3PVDoLO6fKdihHMeLRWE3PM8d4n7KACraBTz6u', 'pemain', '353252', 'aktif', '2025-11-20 15:59:08', NULL, NULL),
(16, 'firman', 'firman@gmail.com', '$2b$10$Z/28jwUVqyG0IIsPEQwK2O83.IOnBNZZzSieJhPmsLZcIM3P/I.3q', 'pemain', '0814264982', 'aktif', '2025-11-20 19:13:51', NULL, NULL),
(17, 'aa', 'ain@gmail.com', '$2b$10$Z6Yv71fbrZHRc8U/xfmnLePVRDBA8ijRf.B7sAn6XlHUw2LnI.Kt6', 'pemain', '0363439', 'aktif', '2025-11-21 09:26:09', NULL, NULL);

--
-- Indexes for dumped tables
--

--
-- Indexes for table `arena`
--
ALTER TABLE `arena`
  ADD PRIMARY KEY (`id_arena`),
  ADD KEY `id_foto` (`id_foto`);

--
-- Indexes for table `foto_arena`
--
ALTER TABLE `foto_arena`
  ADD PRIMARY KEY (`id_foto`),
  ADD KEY `id_arena` (`id_arena`);

--
-- Indexes for table `jadwal`
--
ALTER TABLE `jadwal`
  ADD PRIMARY KEY (`id_jadwal`),
  ADD KEY `id_arena` (`id_arena`);

--
-- Indexes for table `log_reservasi`
--
ALTER TABLE `log_reservasi`
  ADD PRIMARY KEY (`id_log`),
  ADD KEY `id_reservasi` (`id_reservasi`),
  ADD KEY `id_notifikasi` (`id_notifikasi`);

--
-- Indexes for table `notifikasi`
--
ALTER TABLE `notifikasi`
  ADD PRIMARY KEY (`id_notifikasi`),
  ADD KEY `id_user` (`id_user`);

--
-- Indexes for table `pembayaran`
--
ALTER TABLE `pembayaran`
  ADD PRIMARY KEY (`id_pembayaran`),
  ADD KEY `fk_pembayaran_reservasi` (`id_reservasi`);

--
-- Indexes for table `reservasi`
--
ALTER TABLE `reservasi`
  ADD PRIMARY KEY (`id_reservasi`),
  ADD KEY `id_user` (`id_user`),
  ADD KEY `id_arena` (`id_arena`),
  ADD KEY `id_jadwal` (`id_jadwal`);

--
-- Indexes for table `ulasan`
--
ALTER TABLE `ulasan`
  ADD PRIMARY KEY (`id_ulasan`),
  ADD KEY `id_user` (`id_user`),
  ADD KEY `id_reservasi` (`id_reservasi`);

--
-- Indexes for table `users`
--
ALTER TABLE `users`
  ADD PRIMARY KEY (`id_user`),
  ADD UNIQUE KEY `email` (`email`);

--
-- AUTO_INCREMENT for dumped tables
--

--
-- AUTO_INCREMENT for table `arena`
--
ALTER TABLE `arena`
  MODIFY `id_arena` int NOT NULL AUTO_INCREMENT, AUTO_INCREMENT=10;

--
-- AUTO_INCREMENT for table `foto_arena`
--
ALTER TABLE `foto_arena`
  MODIFY `id_foto` int NOT NULL AUTO_INCREMENT, AUTO_INCREMENT=20;

--
-- AUTO_INCREMENT for table `jadwal`
--
ALTER TABLE `jadwal`
  MODIFY `id_jadwal` int NOT NULL AUTO_INCREMENT, AUTO_INCREMENT=2125;

--
-- AUTO_INCREMENT for table `log_reservasi`
--
ALTER TABLE `log_reservasi`
  MODIFY `id_log` int NOT NULL AUTO_INCREMENT, AUTO_INCREMENT=4;

--
-- AUTO_INCREMENT for table `notifikasi`
--
ALTER TABLE `notifikasi`
  MODIFY `id_notifikasi` int NOT NULL AUTO_INCREMENT, AUTO_INCREMENT=60;

--
-- AUTO_INCREMENT for table `pembayaran`
--
ALTER TABLE `pembayaran`
  MODIFY `id_pembayaran` int NOT NULL AUTO_INCREMENT, AUTO_INCREMENT=68;

--
-- AUTO_INCREMENT for table `reservasi`
--
ALTER TABLE `reservasi`
  MODIFY `id_reservasi` int NOT NULL AUTO_INCREMENT, AUTO_INCREMENT=121;

--
-- AUTO_INCREMENT for table `ulasan`
--
ALTER TABLE `ulasan`
  MODIFY `id_ulasan` int NOT NULL AUTO_INCREMENT;

--
-- AUTO_INCREMENT for table `users`
--
ALTER TABLE `users`
  MODIFY `id_user` int NOT NULL AUTO_INCREMENT, AUTO_INCREMENT=18;

--
-- Constraints for dumped tables
--

--
-- Constraints for table `arena`
--
ALTER TABLE `arena`
  ADD CONSTRAINT `arena_ibfk_1` FOREIGN KEY (`id_foto`) REFERENCES `foto_arena` (`id_foto`);

--
-- Constraints for table `foto_arena`
--
ALTER TABLE `foto_arena`
  ADD CONSTRAINT `foto_arena_fk_1` FOREIGN KEY (`id_arena`) REFERENCES `arena` (`id_arena`) ON DELETE CASCADE ON UPDATE CASCADE;

--
-- Constraints for table `jadwal`
--
ALTER TABLE `jadwal`
  ADD CONSTRAINT `jadwal_ibfk_1` FOREIGN KEY (`id_arena`) REFERENCES `arena` (`id_arena`);

--
-- Constraints for table `log_reservasi`
--
ALTER TABLE `log_reservasi`
  ADD CONSTRAINT `log_reservasi_ibfk_1` FOREIGN KEY (`id_reservasi`) REFERENCES `reservasi` (`id_reservasi`),
  ADD CONSTRAINT `log_reservasi_ibfk_2` FOREIGN KEY (`id_notifikasi`) REFERENCES `notifikasi` (`id_notifikasi`);

--
-- Constraints for table `notifikasi`
--
ALTER TABLE `notifikasi`
  ADD CONSTRAINT `notifikasi_ibfk_1` FOREIGN KEY (`id_user`) REFERENCES `users` (`id_user`);

--
-- Constraints for table `pembayaran`
--
ALTER TABLE `pembayaran`
  ADD CONSTRAINT `fk_pembayaran_reservasi` FOREIGN KEY (`id_reservasi`) REFERENCES `reservasi` (`id_reservasi`) ON DELETE CASCADE,
  ADD CONSTRAINT `pembayaran_ibfk_1` FOREIGN KEY (`id_reservasi`) REFERENCES `reservasi` (`id_reservasi`) ON DELETE CASCADE;

--
-- Constraints for table `reservasi`
--
ALTER TABLE `reservasi`
  ADD CONSTRAINT `reservasi_ibfk_1` FOREIGN KEY (`id_user`) REFERENCES `users` (`id_user`),
  ADD CONSTRAINT `reservasi_ibfk_2` FOREIGN KEY (`id_arena`) REFERENCES `arena` (`id_arena`),
  ADD CONSTRAINT `reservasi_ibfk_3` FOREIGN KEY (`id_jadwal`) REFERENCES `jadwal` (`id_jadwal`);

--
-- Constraints for table `ulasan`
--
ALTER TABLE `ulasan`
  ADD CONSTRAINT `ulasan_ibfk_1` FOREIGN KEY (`id_user`) REFERENCES `users` (`id_user`) ON DELETE CASCADE,
  ADD CONSTRAINT `ulasan_ibfk_2` FOREIGN KEY (`id_reservasi`) REFERENCES `reservasi` (`id_reservasi`) ON DELETE CASCADE;
COMMIT;

/*!40101 SET CHARACTER_SET_CLIENT=@OLD_CHARACTER_SET_CLIENT */;
/*!40101 SET CHARACTER_SET_RESULTS=@OLD_CHARACTER_SET_RESULTS */;
/*!40101 SET COLLATION_CONNECTION=@OLD_COLLATION_CONNECTION */;
